State,CMP.ID,HIFLD.ID,HIFLD.NAME,FACILITY.NAME.RAW,CBBDP.NAME
Arizona,47,10000618,CENTRAL ARIZONA CORRECTIONAL FACILITY,CENTRAL ARIZONA CORRECTIONAL FACILITY,CENTRAL ARIZONA CORRECTIONAL FACILITY
Arizona,51,10000632,ASPC-DOUGLAS,ASPC DOUGLAS,DOUGLAS STATE PRISON
Arizona,52,10000615,ASPC-EYMAN,ASPC EYMAN,EYMAN STATE PRISON
Arizona,52,10000615,ASPC-EYMAN,ASPC EYMANOFFICE,EYMAN STATE PRISON
Arizona,53,10003976,ASPC-FLORENCE,ASPC FLORENCE,FLORENCE STATE PRISON
Arizona,53,10003976,ASPC-FLORENCE,ASPC FLORENCEOFFICE,FLORENCE STATE PRISON
Arizona,54,10006312,ARIZONA STATE PRISON - FLORENCE WEST,ASPC FLORENCE WEST,FLORENCE WEST STATE PRISON
Arizona,55,10003957,ASPC-KINGMAN,ASPC KINGMAN,KINGMAN STATE PRISON
Arizona,56,10000605,ASPC-LEWIS,ASPC LEWIS,LEWIS STATE PRISON
Arizona,56,10000605,ASPC-LEWIS,ASPC LEWISOFFICE,LEWIS STATE PRISON
Arizona,60,10000606,ASPC-PERRYVILLE,ASPC PERRYVILLE,PERRYVILLE STATE PRISON
Arizona,60,10000606,ASPC-PERRYVILLE,ASPC PERRYVILLEOFFICE,PERRYVILLE STATE PRISON
Arizona,63,10002244,ASPC-PHOENIX WEST,ASPC PHOENIX,PHOENIX WEST STATE PRISON
Arizona,63,10002244,ASPC-PHOENIX WEST,ASPC PHOENIX WEST,PHOENIX WEST STATE PRISON
Arizona,65,10003974,RED ROCK CORRECTIONAL CENTER,ASPC RED ROCK,RED ROCK STATE PRISON
Arizona,65,10003974,RED ROCK CORRECTIONAL CENTER,RED ROCK CORRECTIONAL CENTER,RED ROCK STATE PRISON
Arizona,67,10002248,ASPC-SAFFORD,ASPC SAFFORD,SAFFORD STATE PRISON
Arizona,70,10000628,ASPC-TUCSON,ASPC TUCSON,TUCSON STATE PRISON
Arizona,70,10000628,ASPC-TUCSON,ASPC TUCSONOFFICE,TUCSON STATE PRISON
Arizona,70,10000628,ASPC-TUCSON,ASPC TUSCON,TUCSON STATE PRISON
Arizona,72,10000595,ASPC-WINSLOW,ASPC WINSLOW,WINSLOW STATE PRISON
Arizona,73,10000622,ASPC-YUMA,ASPC YUMA,YUMA STATE PRISON
California,83,10000826,AVENAL STATE PRISON,AVENAL STATE PRISON,AVENAL STATE PRISON
California,88,10000852,CALIFORNIA CITY CORRECTIONAL CENTER (CAC),CALIFORNIA CITY CORRECTIONAL FACILITY,CALIFORNIA CITY CORRECTIONAL FACILITY
California,89,10000773,CALIFORNIA CORRECTIONAL CENTER (CCC),CALIFORNIA CORRECTIONAL CENTER,CALIFORNIA CORRECTIONAL CENTER
California,90,10001530,CALIFORNIA CORRECTIONAL INSTITUTION (CCI),CALIFORNIA CORRECTIONAL INSTITUTION,CALIFORNIA CORRECTIONAL INSTITUTION
California,91,10000799,CALIFORNIA HEALTH CARE FACILITY (CHCF),CALIFORNIA HEALTH CARE FACILITY,CALIFORNIA HEALTH CARE FACILITY
California,92,10000836,CALIFORNIA INSTITUTION FOR MEN (CIM),CALIFORNIA INSTITUTION FOR MEN,CALIFORNIA INSTITUTION FOR MEN
California,93,10002341,CALIFORNIA INSTITUTION FOR WOMEN (CIW),CALIFORNIA INSTITUTION FOR WOMEN,CALIFORNIA INSTITUTION FOR WOMEN
California,94,10000785,CALIFORNIA MEDICAL FACILITY (CMF),CALIFORNIA MEDICAL FACILITY,CALIFORNIA MEDICAL FACILITY
California,95,10002345,CALIFORNIA MEN'S COLONY (CMC),CALIFORNIA MEN'S COLONY,CALIFORNIA MENS COLONY
California,96,10000857,CALIFORNIA REHABILITATION CENTER (CRC),CALIFORNIA REHABILITATION CENTER,CALIFORNIA REHABILITATION CENTER
California,97,10000824,"CALIFORNIA STATE PRISON, CORCORAN (COR)",CORCORAN STATE PRISON,CALIFORNIA STATE PRISON CORCORAN
California,99,10002322,"CALIFORNIA STATE PRISON, SACRAMENTO (SAC)","CALIFORNIA STATE PRISON, SACRAMENTO",CALIFORNIA STATE PRISON SACRAMENTO
California,100,10000790,SAN QUENTIN STATE PRISON (SQ),SAN QUENTIN STATE PRISON,CALIFORNIA STATE PRISON SAN QUENTIN
California,101,10002323,"CALIFORNIA STATE PRISON, SOLANO (SOL)","CALIFORNIA STATE PRISON, SOLANO",CALIFORNIA STATE PRISON SOLANO
California,102,10002347,CALIPATRIA STATE PRISON (CAL),CALIPATRIA STATE PRISON,CALIPATRIA STATE PRISON
California,111,10002348,CENTINELA STATE PRISON (CEN),CENTINELA STATE PRISON,CENTINELA STATE PRISON
California,112,10000801,CENTRAL CALIFORNIA WOMEN'S FACILITY (CCFW),CENTRAL CA WOMEN'S FACILITY,CENTRAL CALIFORNIA WOMENS FACILITY
California,113,10002346,CHUCKAWALLA VALLEY STATE PRISON (CVSP),CHUCKAWALLA VALLEY STATE PRISON,CHUCKAWALLA VALLEY STATE PRISON
California,115,10000817,CORRECTIONAL TRAINING FACILITY (CTF),CORRECTIONAL TRAINING FACILITY,CORRECTIONAL TRAINING FACILITY
California,116,10000794,DEUEL VOCATIONAL INSTITUTION (DVI),DEUEL VOCATIONAL INSTITUTION,DEUEL VOCATIONAL INSTITUTION
California,120,10000780,FOLSOM STATE PRISON (FSP),FOLSOM STATE PRISON,FOLSOM STATE PRISON
California,128,10002310,HIGH DESERT STATE PRISON (HDSP),HIGH DESERT STATE PRISON,HIGH DESERT STATE PRISON
California,129,10000861,IRONWOOD STATE PRISON (ISP),IRONWOOD STATE PRISON,IRONWOOD STATE PRISON
California,131,10000844,KERN VALLEY STATE PRISON (KVSP),KERN VALLEY STATE PRISON,KERN VALLEY STATE PRISON
California,139,10000782,MULE CREEK STATE PRISON (MCSP),MULE CREEK STATE PRISON,MULE CREEK STATE PRISON
California,141,10000841,NORTH KERN STATE PRISON (NKSP),NORTH KERN STATE PRISON,NORTH KERN STATE PRISON
California,145,10002309,PELICAN BAY STATE PRISON (PBSP),PELICAN BAY STATE PRISON,PELICAN BAY STATE PRISON
California,147,10000810,PLEASANT VALLEY STATE PRISON(PVSP),PLEASANT VALLEY STATE PRISON,PLEASANT VALLEY STATE PRISON
California,150,10000869,R J DONOVAN CORRECTIONAL FACILITY (RJD),R. J. DONOVAN CORRECTIONAL FACILITY,RJ DONOVAN CORRECTIONAL FACILITY
California,152,10000821,SALINAS VALLEY STATE PRISON (SVSP),SALINAS VALLEY STATE PRISON,SALINAS VALLEY STATE PRISON
California,158,10001522,SIERRA CONSERVATION CENTER (SCC),SIERRA CONSERVATION CENTER,SIERRA CONSERVATION CENTER
California,161,10000825,CA SUBSTANCE ABUSE TREATMENT FACILITY (SATF),CALIFORNIA SUBSTANCE ABUSE TREATMENT FACILITY,SUBSTANCE ABUSE TREATMENT FACILITY
California,164,10000802,VALLEY STATE PRISON (VSP),VALLEY STATE PRISON,VALLEY STATE PRISON
California,164,10000802,VALLEY STATE PRISON (VSP),VALLEY STATE PRISON FOR WOMEN,VALLEY STATE PRISON
California,171,10000847,WASCO STATE PRISON (WSP),WASCO STATE PRISON,WASCO STATE PRISON
Colorado,174,10002228,ARKANSAS VALLEY CORRECTIONAL FACILITY,ARKANSAS VALLEY CORRECTIONAL FACILITY,ARKANSAS VALLEY CORRECTIONAL FACILITY
Colorado,175,10002225,ARROWHEAD CORRECTIONAL CENTER,ARROWHEAD CORRECTIONAL CENTER,ARROWHEAD CORRECTIONAL FACILITY
Colorado,176,10002233,BENT COUNTY CORRECTIONAL FACILITY,BENT COUNTY CORRECTIONAL FACILITY,BENT COUNTY CORRECTIONAL FACILITY
Colorado,177,10000573,BUENA VISTA CORRECTIONAL FACILITY,BUENA VISTA CORRECTIONAL COMPLEX,BUENA VISTA CORRECTIONAL COMPLEX
Colorado,177,10000573,BUENA VISTA CORRECTIONAL FACILITY,BUENA VISTA MINIMUM CENTER,BUENA VISTA CORRECTIONAL COMPLEX
Colorado,178,10002226,CENTENNIAL CORRECTIONAL FACILITY,CENTENNIAL CORRECTIONAL FACILITY,CENTENNIAL CORRECTIONAL FACILITY
Colorado,180,10002227,COLORADO STATE PENITENTIARY,COLORADO STATE PENITENTIARY,COLORADO STATE PENITENTIARY
Colorado,181,10000578,COLORADO TERRITORIAL CORRECTIONAL FACILITY,COLORADO TERRITORIAL CORRECTIONAL FACILITY,COLORADO TERRITORIAL CORRECTIONAL FACILITY
Colorado,182,10000585,CROWLEY COUNTY CORRECTIONAL FACILITY,CROWLEY COUNTY CORRECTIONAL FACILITY,CROWLEY COUNTY CORRECTIONAL FACILITY
Colorado,184,10000560,DENVER RECEPTION AND DIAGNOSTIC CENTER,DENVER RECEPTION & DIAGNOSTIC CENTER,DENVER RECEPTION DIAGNOSTIC CENTER
Colorado,185,10000561,DENVER WOMENS CORRECTIONAL FACILITY,DENVER WOMEN'S CORRECTIONAL FACILITY,DENVER WOMENS CORRECTIONAL FACILITY
Colorado,190,10000577,FOUR MILE CORRECTIONAL CENTER,FOUR MILE CORRECTIONAL CENTER,FOUR MILE CORRECTIONAL FACILITY
Colorado,191,10000576,FREMONT CORRECTIONAL FACILITY,FREMONT CORRECTIONAL FACILITY,FREMONT CORRECTIONAL FACILITY
Colorado,193,10000567,LIMON CORRECTIONAL FACILITY,LIMON CORRECTIONAL FACILITY,LIMON CORRECTIONAL FACILITY
Colorado,195,10000587,SAN CARLOS CORRECTIONAL FACILITY,SAN CARLOS CORRECTIONAL FACILITY,SAN CARLOS CORRECTIONAL FACILITY
Colorado,198,10000554,STERLING CORRECTIONAL FACILITY,STERLING CORRECTIONAL FACILITY,STERLING CORRECTIONAL FACILITY
Colorado,199,10000593,TRINIDAD CORRECTIONAL FACILITY,TRINIDAD CORRECTIONAL FACILITY,TRINIDAD CORRECTIONAL FACILITY
Colorado,200,10000588,YOUTHFUL OFFENDER SYSTEM,YOUTHFUL OFFENDER SYSTEM,YOUTHFUL OFFENDER SYSTEM
Georgia,323,10004527,APPLING INTEGRATED TREATMENT FACILITY,APPLING INTEGRATED TREATMENT FACILITY,APPLING INTEGRATED TREATMENT FACILITY
Georgia,324,10001411,ATLANTA TRANSITIONAL CENTER,ATLANTA TRANSITIONAL CENTER,ATLANTA TRANSITIONAL CENTER
Georgia,326,10006153,AUGUSTA STATE MEDICAL PRISON,AUGSTA STATE MEDICAL PRISON,AUGUSTA STATE MEDICAL PRISON
Georgia,326,10006153,AUGUSTA STATE MEDICAL PRISON,AUGUSTA STATE MEDICAL PRISON,AUGUSTA STATE MEDICAL PRISON
Georgia,327,10004475,AUGUSTA TRANSITIONAL CENTER,AUGUSTA TRANSITIONAL CENTER,AUGUSTA TRANSITIONAL CENTER
Georgia,328,10000325,AUTRY STATE PRISON,AUTRY STATE PRISON,AUTRY STATE PRISON
Georgia,330,10006339,BAINBRIDGE SUBSTANCE ABUSE CENTER,BAINBRIDGE PSATC,BAINBRIDGE PROBATION SUBSTANCE ABUSE TREATMENT
Georgia,332,10002129,BALDWIN STATE PRISON,BALDWIN STATE PRISON,BALDWIN STATE PRISON
Georgia,335,10001421,BURRUSS CORRECTIONAL TRAINING CENTER,BURRUSS CORRECTIONAL TRAINING CTR,BURRUSS CORRECTIONAL TRAINING CENTER
Georgia,336,10002146,CALHOUN STATE PRISON,CALHOUN STATE PRISON,CALHOUN STATE PRISON
Georgia,338,10002134,CENTRAL STATE PRISON,CENTRAL STATE PRISON,CENTRAL STATE PRISON
Georgia,340,10002119,CLAYTON COUNTY PRISON,CLAYTON CCI,CLAYTON COUNTY CORRECTIONAL INSTITUTION
Georgia,342,10000314,COASTAL STATE PRISON,COASTAL STATE PRISON,COASTAL STATE PRISON
Georgia,343,10002144,COFFEE CORRECTIONAL FACILITY,COFFEE CORRECTIONAL FACILITY,COFFEE CORRECTIONAL FACILITY
Georgia,344,10004548,COLQUITT COUNTY CORRECTIONAL INSTITUTION,COLQUITT CCI,COLQUITT COUNTY CORRECTIONAL INSTITUTION
Georgia,344,10004548,COLQUITT COUNTY CORRECTIONAL INSTITUTION,COLQUITT COUNTY CORRECTIONAL FACILITY,COLQUITT COUNTY CORRECTIONAL INSTITUTION
Georgia,346,10003880,C H COLWELL DETENTION CENTER,COLWELL PDC,COLWELL PROBATION DETENTION CENTER
Georgia,351,10002138,DODGE STATE PRISON,DODGE STATE PRISON,DODGE STATE PRISON
Georgia,352,10006154,DOOLY STATE PRISON,DOOLY STATE PRISON,DOOLY STATE PRISON
Georgia,355,10004496,EMANUEL WOMEN'S FACILITY,EMANUEL WOMENS FACILITIES,EMANUEL WOMENS FACILITY
Georgia,356,10003893,FLOYD COUNTY PRISON,FLOYD CCI,FLOYD COUNTY CORRECTIONAL INSTITUTION
Georgia,357,10000298,GA DIAGNOSTIC & CLASSIFICATION STATE PRISON,GA DIAG AND CLASS PRISON,GEORGIA DIAGNOSTIC AND CLASSIFICATION PRISON
Georgia,357,10000298,GA DIAGNOSTIC & CLASSIFICATION STATE PRISON,GA DIAGNOSTIC AND CLASS PRISON,GEORGIA DIAGNOSTIC AND CLASSIFICATION PRISON
Georgia,357,10000298,GA DIAGNOSTIC & CLASSIFICATION STATE PRISON,GA DIAGNOSTIC AND CLASSIFICATION PRISON,GEORGIA DIAGNOSTIC AND CLASSIFICATION PRISON
Georgia,357,10000298,GA DIAGNOSTIC & CLASSIFICATION STATE PRISON,GDCP,GEORGIA DIAGNOSTIC AND CLASSIFICATION PRISON
Georgia,357,10000298,GA DIAGNOSTIC & CLASSIFICATION STATE PRISON,GEORGIA DIAGNOSTIC AND CLASSIFICATION PRISON,GEORGIA DIAGNOSTIC AND CLASSIFICATION PRISON
Georgia,359,10002141,GEORGIA STATE PRISON,GEORGIA STATE PRISON,GEORGIA STATE PRISON
Georgia,360,10000290,GWINNETT COUNTY DETENTION CENTER,GWINNETT CF,GWINNETT COUNTY CORRECTIONAL INSTITUTION
Georgia,361,10006723,HALL COUNTY CORRECTIONAL INSTITUTION,HALL CCI,HALL COUNTY CORRECTIONAL INSTITUTION
Georgia,362,10000297,HANCOCK STATE PRISON,HANCOCK STATE PRISON,HANCOCK STATE PRISON
Georgia,363,10003931,HARRIS COUNTY CORRECTIONAL INSTITUTION,HARRIS CCI,HARRIS COUNTY CORRECTIONAL INSTITUTION
Georgia,364,10000284,HAYS STATE PRISON,HAYS STATE PRISON,HAYS STATE PRISON
Georgia,365,10001415,HELMS FACILITY,HELMS,HELMS FACILITY
Georgia,365,10001415,HELMS FACILITY,HELMS DIVERSION CENTER,HELMS FACILITY
Georgia,365,10001415,HELMS FACILITY,HELMS FACILITY,HELMS FACILITY
Georgia,365,10001415,HELMS FACILITY,HELMS UNIT,HELMS FACILITY
Georgia,368,10004482,JEFFERSON COUNTY CORRECTIONAL INSTITUTION,JEFFERSON CCI,JEFFERSON COUNTY CORRECTIONAL INSTITUTION
Georgia,369,10006453,JENKINS CORRECTIONAL FACILITY,JENKINS CO CORR FACILITY,JENKINS CORRECTIONAL CENTER
Georgia,369,10006453,JENKINS CORRECTIONAL FACILITY,JENKINS CORRECTIONAL FACILITY,JENKINS CORRECTIONAL CENTER
Georgia,370,10000303,JOHNSON STATE PRISON,JOHNSON STATE PRISON,JOHNSON STATE PRISON
Georgia,371,10002102,ARRENDALE STATE PRISON,ARRENDALE STATE PRISON,LEE ARRENDALE STATE PRISON
Georgia,371,10002102,ARRENDALE STATE PRISON,LEE ARRENDALE STATE PRISON,LEE ARRENDALE STATE PRISON
Georgia,373,10000323,LEE STATE PRISON,LEE STATE PRISON,LEE STATE PRISON
Georgia,374,10005199,LONG STATE PRISON,LONG UNIT,LONG UNIT
Georgia,375,10002137,MACON STATE PRISON,MACON STATE PRISON,MACON STATE PRISON
Georgia,376,10001423,MACON TRANSITIONAL CENTER,MACON TRANSITIONAL CENTER,MACON TRANSITIONAL CENTER
Georgia,377,10004500,MCEVER PROBATION DETENTION CENTER,MCEVER PDC,MCEVER PDC
Georgia,379,10001414,METRO TRANSITIONAL CENTER,METRO RE-ENTRY FACILITY,METRO REENTRY FACILITY
Georgia,382,10000308,MONTGOMERY STATE PRISON,MONTGOMERY STATE PRISON,MONTGOMERY STATE PRISON
Georgia,385,10004551,ROBERT L. PATTEN PROBATION DETENTION CENTER,PATTEN PDC,PATTEN PROBATION DETENTION CENTER
Georgia,387,10002106,PHILLIPS STATE PRISON,PHILLIPS STATE PRISON,PHILLIPS STATE PRISON
Georgia,388,10002105,PHILLIPS TRANSITIONAL CENTER,PHILLIPS TC,PHILLIPS TRANSITIONAL CENTER
Georgia,388,10002105,PHILLIPS TRANSITIONAL CENTER,PHILLIPS TRANSITIONAL CENTER,PHILLIPS TRANSITIONAL CENTER
Georgia,389,10000307,PULASKI STATE PRISON,PULASKI STATE PRISON,PULASKI STATE PRISON
Georgia,391,10006322,RIVERBEND CORRECTIONAL FACILITY,RIVERBEND CF,RIVERBEND CORRECTIONAL FACILITY
Georgia,391,10006322,RIVERBEND CORRECTIONAL FACILITY,RIVERBEND CORR FACILITY,RIVERBEND CORRECTIONAL FACILITY
Georgia,391,10006322,RIVERBEND CORRECTIONAL FACILITY,RIVERBEND CORRECTIONAL FACILITY,RIVERBEND CORRECTIONAL FACILITY
Georgia,392,10000310,ROGERS STATE PRISON,ROGERS STATE PRISON,ROGERS STATE PRISON
Georgia,393,10000304,RUTLEDGE STATE PRISON,RUTLEDGE STATE PRISON,RUTLEDGE STATE PRISON
Georgia,395,10000309,SMITH STATE PRISON & PROBATION CENTER,SMITH STATE PRISON,SMITH STATE PRISON
Georgia,396,10004515,SMITH TRANSITIONAL CENTER,SMITH TC,SMITH TRANSITIONAL CENTER
Georgia,396,10004515,SMITH TRANSITIONAL CENTER,SMITH TRANSITIONAL CENTER,SMITH TRANSITIONAL CENTER
Georgia,400,10000316,TELFAIR STATE PRISON,TELFAIR STATE PRISON,TELFAIR STATE PRISON
Georgia,402,10005191,TREUTLEN PROBATION DETENTION CENTER,TREUTLEN PDC,TREUTLEN PROBATION DETENTION CENTER
Georgia,403,10005201,TURNER,TURNER RSAT,TURNER RESIDENTIAL SUBSTANCE ABUSE TREATMENT
Georgia,404,10000328,VALDOSTA STATE PRISON,VALDOSTA STATE PRISON,VALDOSTA STATE PRISON
Georgia,405,10001432,VALDOSTA TRANSITIONAL CENTER,VALDOSTA TRANSITIONAL CENTER,VALDOSTA TRANSITIONAL CENTER
Georgia,406,10000283,WALKER STATE PRISON,WALKER STATE PRISON,WALKER STATE PRISON
Georgia,407,10002147,WARE STATE PRISON,WARE STATE PRISON,WARE STATE PRISON
Georgia,408,10002126,WASHINGTON STATE PRISON / ANNEX,WASHINGTON STATE PRISON,WASHINGTON STATE PRISON
Georgia,409,10004487,WEST CENTRAL CENTER,WEST CENTRAL PDC,WEST CENTRAL INTEGRATED TREATMENT FACILITY
Georgia,410,10002142,WHEELER CORRECTIONAL FACILITY,WHEELER CORRECTIONAL FACILITY,WHEELER CORRECTIONAL FACILITY
Georgia,412,10000318,WILCOX STATE PRISON,WILCOX STATE PRISON,WILCOX STATE PRISON
Idaho,427,10006544,IDAHO CORRECTIONAL ALTERNATIVE PLACEMENT PROGRAM FACILITY,CORRECTIONAL ALTERNATIVE PLACEMENT PROGRAM,CAPP
Idaho,434,10001184,EAST BOISE COMMUNITY REENTRY CENTER,EAST BOISE COMMUNITY RE-ENTRY CENTER,EAST BOISE COMMUNITY REENTRY CENTER
Idaho,435,10001172,IDAHO CORRECTIONAL INSTITUTION-OROFINO,IDAHO CORRECTIONAL INSTITUTION OROFINO,IDAHO CORRECTIONAL INSTITUTION OROFINO
Idaho,437,10001182,IDAHO MAXIMUM SECURITY INSTITUTION,IDAHO MAXIMUM SECURITY INSTITUTION,IDAHO MAXIMUM SECURITY INSTIUTION
Idaho,438,10001183,IDAHO STATE CORRECTIONAL CENTER,IDAHO STATE CORRECTIONAL CENTER,IDAHO STATE CORRECTIONAL CENTER
Idaho,439,10001181,IDAHO STATE CORRECTIONAL INSTITUTION,IDAHO STATE CORRECTIONAL INSTITUTION,IDAHO STATE CORRECTIONAL INSTITUTION
Idaho,441,10001173,NORTH IDAHO CORRECTIONAL INSTITUTION,NORTH IDAHO CORRECTIONAL INSTITUTION,NORTH IDAHO CORRRECTIONAL INSTIUTION
Idaho,442,10001187,POCATELLO WOMEN'S CORRECTIONAL CENTER,POCATELLO WOMEN'S CORRECTIONAL CENTER,POCATELLO WOMENS CORRECTIONAL CENTER
Idaho,443,10001176,ST. ANTHONY WORK CAMP,ST. ANTHONY WORK CENTER,SAINT ANTHONY WORK CAMP
Idaho,445,10001180,SOUTH IDAHO CORRECTIONAL INSTITUTION,SOUTH IDAHO CORRECTIONAL INSTITUTION,SOUTH IDAHO CORRECTIONAL INSTIUTION
Illinois,449,10002259,BIG MUDDY RIVER CORRECTIONAL CENTER,BIG MUDDY CC,BIG MUDDY RIVER CORRECTIONAL CENTER
Illinois,449,10002259,BIG MUDDY RIVER CORRECTIONAL CENTER,BIG MUDDY RIVER CC,BIG MUDDY RIVER CORRECTIONAL CENTER
Illinois,451,10000683,CENTRALIA CORRECTIONAL CENTER,CENTRALIA CC,CENTRALIA CORRECTIONAL CENTER
Illinois,456,10000662,DANVILLE CORRECTIONAL CENTER,DANVILLE CC,DANVILLE CORRECTIONAL CENTER
Illinois,457,10000669,DECATUR CORRECTIONAL CENTER,DECATUR CC,DECATUR CORRECTIONAL CENTER
Illinois,458,10000642,DIXON CORRECTIONAL CENTER,DIXON CC,DIXON CORRECTIONAL INSTITUTE
Illinois,459,10000644,EAST MOLINE CORRECTIONAL CENTER,EAST MOLINE CC,EAST MOLINE CORRECTIONAL CENTER
Illinois,460,10006979,ELGIN TREATMENT CENTER,ELGIN TC,ELGIN TREATMENT CENTER
Illinois,463,10000674,GRAHAM CORRECTIONAL CENTER,GRAHAM CC,GRAHAM CORRECTIONAL CENTER
Illinois,465,10000653,HILL CORRECTIONAL CENTER,HILL CC,HILL CORRECTIONAL CENTER
Illinois,466,10000660,ILLINOIS RIVER CORRECTIONAL CENTER,ILLINOIS RIVER CC,ILLINOIS RIVER CORRECTIONAL CENTER
Illinois,467,10000671,JACKSONVILLE CORRECTIONAL CENTER,JACKSONVILLE CC,JACKSONVILLE CORRECTIONAL CENTER
Illinois,469,10004677,KEWANEE LIFE SKILLS RE-ENTRY CENTER,KEWANEE CC,KEWANEE LIFE SKILLS REENTRY CENTER
Illinois,470,10000682,LAWRENCE CORRECTIONAL CENTER,LAWRENCE CC,LAWRENCE CORRECTIONAL CENTER
Illinois,471,10000664,LINCOLN CORRECTIONAL CENTER,LINCOLN CC,LINCOLN CORRECTIONAL CENTER
Illinois,472,10000665,LOGAN CORRECTIONAL CENTER,LOGAN CC,LOGAN CORRECTIONAL CENTER
Illinois,474,10000687,MENARD CORRECTIONAL CENTER,MENARD CC,MENARD CORRECTIONAL CENTER
Illinois,481,10000688,PINCKNEYVILLE CORRECTIONAL CENTER,PICKNEYVILLE CC,PINCKNEYVILLE CORRECTIONAL CENTER
Illinois,481,10000688,PINCKNEYVILLE CORRECTIONAL CENTER,PINCKNEYVILLE CC,PINCKNEYVILLE CORRECTIONAL CENTER
Illinois,482,10000655,PONTIAC CORRECTIONAL CENTER,PONTIAC CC,PONTIAC CORRECTIONAL CENTER
Illinois,483,10000678,ROBINSON CORRECTIONAL CENTER,ROBINSON CC,ROBINSON CORRECTIONAL CENTER
Illinois,485,10000695,SHAWNEE CORRECTIONAL CENTER,SHAWNEE CC,SHAWNEE CORRECTIONAL CENTER
Illinois,486,10000652,SHERIDAN CORRECTIONAL CENTER,SHERIDAN CC,SHERIDAN CORRECTIONAL CENTER
Illinois,487,10000685,SOUTHWESTERN ILLINOIS CORRECTIONAL CENTER,SOUTHWESTERN CC,SOUTHWESTERN ILLINOIS CORRECTIONAL CENTER
Illinois,488,10000647,STATEVILLE CORRECTIONAL CENTER,STATEVILLE CC,STATEVILLE CORRECTIONAL CENTER
Illinois,490,10000673,TAYLORVILLE CORRECTIONAL CENTER,TAYLORVILLE CC,TAYLORVILLE CORRECTIONAL CENTER
Illinois,492,10000677,VANDALIA CORRECTIONAL CENTER,VANDALIA CC,VANDALIA CORRECTIONAL CENTER
Illinois,493,10004734,VIENNA CORRECTIONAL CENTER,VIENNA CC,VIENNA CORRECTIONAL CENTER
Illinois,494,10000667,WESTERN ILLINOIS CORRECTIONAL CENTER,WESTERN CC,WESTERN ILLINOIS CORRECTIONAL CENTER
Illinois,494,10000667,WESTERN ILLINOIS CORRECTIONAL CENTER,WESTERN ILLINOIS CC,WESTERN ILLINOIS CORRECTIONAL CENTER
Indiana,495,10001075,BRANCHVILLE CORRECTIONAL FACILITY,BRANCHVILLE CORRECTIONAL FACILITY,BRANCHVILLE CORRECTIONAL FACILITY
Indiana,500,10001060,CORRECTIONAL INDUSTRIAL FACILITY,CORRECTIONAL INDUSTRIAL FACILITY,CORRECTIONAL INDUSTRIAL FACILITY
Indiana,501,10004920,EDINBURGH CORRECTIONAL FACILITY,EDINBURGH CORRECTIONAL FACILITY,EDINBURGH CORRECTIONAL FACILITY
Indiana,503,10005599,INDIANA STATE PRISON,INDIANA STATE PRISON,INDIANA STATE PRISON
Indiana,504,10001065,INDIANA WOMEN'S PRISON,INDIANA WOMENS PRISON,INDIANA WOMENS PRISON
Indiana,509,10001059,MIAMI CORRECTIONAL FACILITY,MIAMI CORRECTIONAL FACILITY,MIAMI CORRECTIONAL FACILITY
Indiana,510,10004913,NEW CASTLE CORRECTIONAL FACILITY,NEW CASTLE CORRECTIONAL,NEW CASTLE CORRECTIONAL FACILITY
Indiana,510,10004913,NEW CASTLE CORRECTIONAL FACILITY,NEW CASTLE CORRECTIONAL FACILITY,NEW CASTLE CORRECTIONAL FACILITY
Indiana,511,10001061,PENDLETON CORRECTIONAL FACILITY,PENDLETON CORRECTIONAL FACILITY,PENDLETON CORRECTIONAL FACILITY
Indiana,512,10001062,PENDLETON JUVENILE CORRECTIONAL FACILITY,PENDLETON JUVENILE,PENDLETON JUVENILE CORRECTIONAL FACILITY
Indiana,513,10001068,PLAINFIELD CORRECTIONAL FACILITY,PLAINFIELD CORRECTIONAL FACILITY,PLAINFIELD CORRECTIONAL FACILITY
Indiana,515,10001071,PUTNAMVILLE CORRECTIONAL FACILITY,PUTNAMVILLE CORRECTIONAL FACILITY,PUTNAMVILLE CORRECTIONAL FACILITY
Indiana,516,10001067,RECEPTION DIAGNOSTIC CENTER (MEN),RECEPTION DIAGNOSTIC CENTER,RECEPTION AND DIAGNOSTIC CENTER
Indiana,517,10001063,ROCKVILLE CORRECTIONAL FACILITY,ROCKVILLE CORRECTIONAL FACILITY,ROCKVILLE CORRECTIONAL FACILITY
Indiana,524,10001072,WABASH VALLEY CORRECTIONAL FACILITY,WABASH VALLEY CORRECTIONAL FACILITY,WABASH VALLEY CORRECTIONAL FACILITY
Indiana,525,10001051,WESTVILLE CORRECTIONAL FACILITY,WESTVILLE CORRECTIONAL FACILITY,WESTVILLE CORRECTIONAL FACILITY
Kansas,538,10001045,EL DORADO CORRECTIONAL FACILITY,EL DORADO CORRECTIONAL FACIILITY (EDCF),EL DORADO CORRECTIONAL FACILITY
Kansas,538,10001045,EL DORADO CORRECTIONAL FACILITY,EL DORADO CORRECTIONAL FACILITY,EL DORADO CORRECTIONAL FACILITY
Kansas,538,10001045,EL DORADO CORRECTIONAL FACILITY,EL DORADO CORRECTIONAL FACILITY (EDCF),EL DORADO CORRECTIONAL FACILITY
Kansas,538,10001045,EL DORADO CORRECTIONAL FACILITY,"EL DORADO CORRECTIONAL FACILITY, EL DORADO",EL DORADO CORRECTIONAL FACILITY
Kansas,538,10001045,EL DORADO CORRECTIONAL FACILITY,"EL DORADO CORRECTIONAL FACILITYEL DORADO, KANSAS",EL DORADO CORRECTIONAL FACILITY
Kansas,538,10001045,EL DORADO CORRECTIONAL FACILITY,"EL DORADO CORRECTIONAL FACILITYEL DORADO, KS",EL DORADO CORRECTIONAL FACILITY
Kansas,538,10001045,EL DORADO CORRECTIONAL FACILITY,EL DORADO CORRECTIONAL FACILTIY,EL DORADO CORRECTIONAL FACILITY
Kansas,538,10001045,EL DORADO CORRECTIONAL FACILITY,ELDORADO CORRECTIONAL FACILITY,EL DORADO CORRECTIONAL FACILITY
Kansas,539,10001040,ELLSWORTH CORRECTIONAL FACILITY / WORK RELEASE,ELLSWORTH CORRECTIONAL FACILITY,ELLSWORTH CORRECTIONAL FACILITY
Kansas,541,10001043,HUTCHINSON C.F.-CENTRAL & WORK RELEASE CENTER,HUTCHINSON CORRECTIONAL FACILITY,HUTCHINSON CORRECTIONAL FACILITY
Kansas,541,10001043,HUTCHINSON C.F.-CENTRAL & WORK RELEASE CENTER,HUTCHINSON CORRECTIONAL FACILITY (HCF),HUTCHINSON CORRECTIONAL FACILITY
Kansas,541,10001043,HUTCHINSON C.F.-CENTRAL & WORK RELEASE CENTER,"HUTCHINSON CORRECTIONAL FACILITY, HUTCHINSON",HUTCHINSON CORRECTIONAL FACILITY
Kansas,541,10001043,HUTCHINSON C.F.-CENTRAL & WORK RELEASE CENTER,"HUTCHINSON CORRECTIONAL FACILITYHUTCHINSON, KANSAS",HUTCHINSON CORRECTIONAL FACILITY
Kansas,541,10001043,HUTCHINSON C.F.-CENTRAL & WORK RELEASE CENTER,HUTCHINSON CORRECTIONAL FACILTIY,HUTCHINSON CORRECTIONAL FACILITY
Kansas,541,10001043,HUTCHINSON C.F.-CENTRAL & WORK RELEASE CENTER,HUTCHINSON CORRECTIONAL FACILTY,HUTCHINSON CORRECTIONAL FACILITY
Kansas,543,10001030,LANSING CORRECTIONAL FACILITY - EAST UNIT,LANSING CORRECTIONAL FACILITY - EAST UNIT,LANSING CORRECTIONAL FACILITY
Kansas,544,10001830,LARNED CORRECTIONAL MENTAL HEALTH FACILITY-CENTRAL,LARNED CORRECT MENTAL HEALTH FACILITY,LARNED CORRECTIONAL FACILITY
Kansas,544,10001830,LARNED CORRECTIONAL MENTAL HEALTH FACILITY-CENTRAL,LARNED CORRECTIONAL MENTAL HEALTH FACILITY,LARNED CORRECTIONAL FACILITY
Kansas,544,10001830,LARNED CORRECTIONAL MENTAL HEALTH FACILITY-CENTRAL,LARNED CORRECTIONAL MENTAL HEALTH FACILITY - WEST,LARNED CORRECTIONAL FACILITY
Kansas,544,10001830,LARNED CORRECTIONAL MENTAL HEALTH FACILITY-CENTRAL,LARNED CORRECTIONAL MENTAL HEALTH FACILITY (LCMHF),LARNED CORRECTIONAL FACILITY
Kansas,544,10001830,LARNED CORRECTIONAL MENTAL HEALTH FACILITY-CENTRAL,"LARNED CORRECTIONAL MENTAL HEALTH FACILITY, LARNED",LARNED CORRECTIONAL FACILITY
Kansas,544,10001830,LARNED CORRECTIONAL MENTAL HEALTH FACILITY-CENTRAL,LARNED CORRECTIONAL MENTAL HEALTH FACILLITY,LARNED CORRECTIONAL FACILITY
Kansas,544,10001830,LARNED CORRECTIONAL MENTAL HEALTH FACILITY-CENTRAL,LARNED MENTAL HEALTH CORRECTIONAL FACILITY,LARNED CORRECTIONAL FACILITY
Kansas,546,10001028,NORTON CORRECTIONAL FACILITY,NORTON CORRECTIONAL FACILITY,NORTON CORRECTIONAL FACILITY
Kansas,549,10001033,TOPEKA CORRECTIONAL FACILITY,TOPEKA CORRCTIONAL FACILITY,TOPEKA CORRECTIONAL FACILITY
Kansas,549,10001033,TOPEKA CORRECTIONAL FACILITY,TOPEKA CORRECTIONAL FACILITY,TOPEKA CORRECTIONAL FACILITY
Kansas,549,10001033,TOPEKA CORRECTIONAL FACILITY,TOPEKA CORRECTIONAL FACILITY (TCF),TOPEKA CORRECTIONAL FACILITY
Kansas,550,10001048,WICHITA WORK RELEASE FACILITY,WICHITA WORK RELEASE FACILITY,WICHITA WORK RELEASE
Kansas,551,10001050,WINFIELD CORRECTIONAL FACILITY,WINFIELD CORRECTIONAL FACILITY,WINFIELD CORRECTIONAL FACILITY
Kansas,551,10001050,WINFIELD CORRECTIONAL FACILITY,"WINFIELD CORRECTIONAL FACILITY, WINFIELD",WINFIELD CORRECTIONAL FACILITY
Kentucky,555,10003650,BLACKBURN CORRECTIONAL COMPLEX,BLACKBURN CORRECTIONAL COMPLEX,BLACKBURN CORRECTIONAL COMPLEX
Kentucky,558,10000110,EASTERN KENTUCKY CORRECTIONAL COMPLEX,EASTERN KENTUCKY CORRECTIONAL COMPLEX,EASTERN KENTUCKY CORRECTIONAL COMPLEX
Kentucky,558,10000110,EASTERN KENTUCKY CORRECTIONAL COMPLEX,EKCC,EASTERN KENTUCKY CORRECTIONAL COMPLEX
Kentucky,559,10000117,GREEN RIVER CORRECTIONAL COMPLEX,GRCC,GREEN RIVER CORRECTIONAL COMPLEX
Kentucky,559,10000117,GREEN RIVER CORRECTIONAL COMPLEX,GREEN RIVER CORRECTIONAL COMPLEX,GREEN RIVER CORRECTIONAL COMPLEX
Kentucky,560,10000106,KENTUCKY CORRECTIONAL INSTITUTION FOR WOMEN,KCIW,KENTUCKY CORRECTIONAL INSTITUTION FOR WOMEN
Kentucky,560,10000106,KENTUCKY CORRECTIONAL INSTITUTION FOR WOMEN,KENTUCKY CORRECTIONAL INSTITUTION FOR WOMEN,KENTUCKY CORRECTIONAL INSTITUTION FOR WOMEN
Kentucky,561,10000120,KENTUCKY STATE PENITENTIARY,KSP,KENTUCKY STATE PENITENTIARY
Kentucky,562,10000103,KENTUCKY STATE REFORMATORY,KENTUCKY STATE REFORMATORY,KENTUCKY STATE REFORMATORY
Kentucky,562,10000103,KENTUCKY STATE REFORMATORY,KSR,KENTUCKY STATE REFORMATORY
Kentucky,563,10000115,LEE ADJUSTMENT CENTER,LAC,LEE ADJUSTMENT CENTER
Kentucky,565,10000107,LITTLE SANDY CORRECTIONAL COMPLEX,LITTLE SANDY CORRECTIONAL COMPLEX,LITTLE SANDY CORRECTIONAL COMPLEX
Kentucky,565,10000107,LITTLE SANDY CORRECTIONAL COMPLEX,LSCC,LITTLE SANDY CORRECTIONAL COMPLEX
Kentucky,566,10000101,LUTHER LUCKETT CORRECTIONAL COMPLEX,LLCC,LUTHER LUCKETT CORRECTIONAL COMPLEX
Kentucky,566,10000101,LUTHER LUCKETT CORRECTIONAL COMPLEX,LUTHER LUCKETT CORRECTIONAL COMPLEX,LUTHER LUCKETT CORRECTIONAL COMPLEX
Kentucky,569,10000116,NORTHPOINT TRAINING CENTER,NORTHPOINT TRAINING CENTER,NORTHPOINT TRAINING CENTER
Kentucky,569,10000116,NORTHPOINT TRAINING CENTER,NTC,NORTHPOINT TRAINING CENTER
Kentucky,570,10000102,ROEDERER CORRECTIONAL COMPLEX,RCC,ROEDERER CORRECTIONAL COMPLEX
Kentucky,570,10000102,ROEDERER CORRECTIONAL COMPLEX,ROEDERER CORRECTIONAL COMPLEX,ROEDERER CORRECTIONAL COMPLEX
Kentucky,572,10000121,WESTERN KENTUCKY CORRECTIONAL COMPLEX,WESTERN KY CORRECTIONAL COMPLEX,WESTERN KENTUCKY CORRECTIONAL COMPLEX
Maine,591,10000100,BOLDUC CORRECTIONAL FACILITY,BCF,BOLDUC CORRECTIONAL FACILITY
Maine,592,10001165,MAINE CORRECTIONAL CENTER,MCC,MAINE CORRECTIONAL CENTER MCC
Maine,594,10001163,MAINE STATE PRISON,MSP,MAINE STATE PRISON
Maine,595,10001938,MOUNTAIN VIEW CORRECTIONAL FACILITY,MVCF,MOUNTAIN VIEW CORRECTIONAL FACILITY
Maryland,600,10001552,BALTIMORE CITY CORRECTIONAL CENTER,BCCC,BALTIMORE CITY CORRECTIONAL CENTER
Maryland,603,10002359,CENTRAL MARYLAND CORRECTIONAL FACILITY,CMCF,CMCF CENTRAL MARYLAND CF
Maryland,605,10006353,DORSEY RUN CORRECTIONAL FACILITY,DRCF,DORSEY RUN CORRECTIONAL FACILITY
Maryland,608,10001569,EASTERN CORRECTIONAL INSTITUTION,ECI,EASTERN CORRECTIONAL INSTITUTION
Maryland,608,10001569,EASTERN CORRECTIONAL INSTITUTION,ECI-A,EASTERN CORRECTIONAL INSTITUTION
Maryland,608,10001569,EASTERN CORRECTIONAL INSTITUTION,ECI-E,EASTERN CORRECTIONAL INSTITUTION
Maryland,608,10001569,EASTERN CORRECTIONAL INSTITUTION,ECI-W,EASTERN CORRECTIONAL INSTITUTION
Maryland,608,10001569,EASTERN CORRECTIONAL INSTITUTION,ECIW,EASTERN CORRECTIONAL INSTITUTION
Maryland,611,10001560,MARYLAND CORRECTIONAL INSTITUTION - JESSUP,JCI,JESSUP CORRECTIONAL INSTITUTION
Maryland,611,10001560,MARYLAND CORRECTIONAL INSTITUTION - JESSUP,JCI/JRI,JESSUP CORRECTIONAL INSTITUTION
Maryland,613,10001559,MARYLAND CORRECTIONAL INSTITUTION FOR WOMEN,MCIW,MARYLAND CORRECTIONAL INSTITUTION FOR WOMEN
Maryland,614,10001548,MARYLAND CORRECTIONAL INSTITUTION - HAGERSTOWN,MCI-H,MARYLAND CORRECTIONAL INSTITUTION HAGERSTOWN
Maryland,614,10001548,MARYLAND CORRECTIONAL INSTITUTION - HAGERSTOWN,MCIH,MARYLAND CORRECTIONAL INSTITUTION HAGERSTOWN
Maryland,615,10001546,MARYLAND CORRECTIONAL TRAINING CENTER,MCTC,MARYLAND CORRECTIONAL TRAINING CENTER HAGERSTOWN
Maryland,615,10001546,MARYLAND CORRECTIONAL TRAINING CENTER,MCTC-H,MARYLAND CORRECTIONAL TRAINING CENTER HAGERSTOWN
Maryland,616,10000918,"MD RECEPTION, DIAGNOSTIC AND CLASSIFICATION CENTER",MDC,MARYLAND RECEPTION DIAGNOSTICS AND CLASSICIATION CENTER
Maryland,616,10000918,"MD RECEPTION, DIAGNOSTIC AND CLASSIFICATION CENTER",MRDC,MARYLAND RECEPTION DIAGNOSTICS AND CLASSICIATION CENTER
Maryland,616,10000918,"MD RECEPTION, DIAGNOSTIC AND CLASSIFICATION CENTER",MRDCC,MARYLAND RECEPTION DIAGNOSTICS AND CLASSICIATION CENTER
Maryland,620,10002364,PATUXENT INSTITUTION,PATX,PATUXENT INSTITUTION
Maryland,620,10002364,PATUXENT INSTITUTION,PATX/JRI,PATUXENT INSTITUTION
Maryland,621,10001547,ROXBURY CORRECTIONAL INSTITUTION,RCI,ROXBURY CORRECTIONAL INSTITUTION
Maryland,627,10001542,WESTERN CORRECTIONAL INSTITUTION,WCI,WESTERN CORRECTIONAL INSTITUTION
Massachusetts,630,10002097,BRIDGEWATER STATE HOSPITAL,BSH,BRIDGEWATER STATE HOSPITAL
Massachusetts,634,10001401,LEMUEL SHATTUCK HOSPITAL CORRECTIONAL UNIT,LSH,LEMUEL SHATTUCK HOSPITAL
Massachusetts,635,10001404,MASAC AT PLYMOUTH,MASAC,MASSACHUSETTS ALCOHOL AND SUBSTANCE ABUSE CENTER
Massachusetts,636,10000281,MCI - CONCORD,MCIC,MASSACHUSETTS CORRECTIONAL INSTITUTION CONCORD
Massachusetts,637,10004444,MCI - FRAMINGHAM,MCIF,MASSACHUSETTS CORRECTIONAL INSTITUTION FRAMINGHAM
Massachusetts,638,10002101,MCI - NORFOLK,MCIN,MASSACHUSETTS CORRECTIONAL INSTITUTION NORFOLK
Massachusetts,639,10001393,MCI - SHIRLEY,MCIS,MASSACHUSETTS CORRECTIONAL INSTITUTION SHIRLEY
Massachusetts,640,10001408,MCI - CEDAR JUNCTION,MCICJ,MASSACHUSETTS CORRECTIONAL INSTIUTION CEDAR JUNCTION
Massachusetts,641,10002098,MASSACHUSETTS TREATMENT CENTER,MTC,MASSACHUSETTS TREATMENT CENTER
Massachusetts,643,10004449,NORTH CENTRAL CORRECTIONAL INSTITUTION,NCCI,NORTH CENTRAL CORRECTIONAL INSTITUTION
Massachusetts,645,10004451,OLD COLONY CORRECTIONAL CENTER,OCCC,OLD COLONY CORRECTIONAL CENTER
Massachusetts,646,10000282,PONDVILLE CORRECTIONAL CENTER,PCC,PONDVILLE CORRECTIONAL CENTER
Massachusetts,648,10001396,SOUZA-BARANOWSKI CORRECTIONAL CENTER,SBCC,SOUZA BARANOWSKI CORRECTIONAL CENTER
Michigan,650,10000264,ALGER CORRECTIONAL FACILITY,LMF,ALGER CORRECTIONAL FACILITY
Michigan,651,10001346,BARAGA CORRECTIONAL FACILITY,AMF,BARAGA CORRECTIONAL FACILITY
Michigan,652,10001364,BELLAMY CREEK CORRECTIONAL FACILITY,IBC,BELLAMY CREEK CORRECTIONAL FACILITY
Michigan,653,10002088,CARSON CITY CORRECTIONAL FACILITY,DRF,CARSON CITY CORRECTIONAL FACILITY
Michigan,653,10002088,CARSON CITY CORRECTIONAL FACILITY,DRF E,CARSON CITY CORRECTIONAL FACILITY
Michigan,653,10002088,CARSON CITY CORRECTIONAL FACILITY,DRF W,CARSON CITY CORRECTIONAL FACILITY
Michigan,653,10002088,CARSON CITY CORRECTIONAL FACILITY,PRF,CARSON CITY CORRECTIONAL FACILITY
Michigan,654,10001362,CENTRAL MICHIGAN CORRECTIONAL FACILITY,STF,CENTRAL MICHIGAN CORRECTIONAL FACILITY
Michigan,654,10001362,CENTRAL MICHIGAN CORRECTIONAL FACILITY,STF W,CENTRAL MICHIGAN CORRECTIONAL FACILITY
Michigan,656,10003846,CHARLES EGELER RECEPTION & GUIDANCE CENTER,C-UNIT,CHARLES E EGELER RECEPTION AND GUIDANCE CENTER
Michigan,656,10003846,CHARLES EGELER RECEPTION & GUIDANCE CENTER,C-UNIT/RGC,CHARLES E EGELER RECEPTION AND GUIDANCE CENTER
Michigan,656,10003846,CHARLES EGELER RECEPTION & GUIDANCE CENTER,RGC,CHARLES E EGELER RECEPTION AND GUIDANCE CENTER
Michigan,659,10002084,CHIPPEWA CORRECTIONAL FACILITY,URF,CHIPPEWA CORRECTIONAL FACILITY
Michigan,659,10002084,CHIPPEWA CORRECTIONAL FACILITY,URF W,CHIPPEWA CORRECTIONAL FACILITY
Michigan,661,10000278,COOPER STREET CORRECTIONAL FACILITY,JCS,COOPER STREET CORRECTIONAL FACILITY
Michigan,662,10001375,DETROIT DETENTION CENTER,DRC,DETROIT DETENTION CENTER
Michigan,662,10001375,DETROIT DETENTION CENTER,DRC-RRF,DETROIT DETENTION CENTER
Michigan,662,10001375,DETROIT DETENTION CENTER,DRC/RRF,DETROIT DETENTION CENTER
Michigan,662,10001375,DETROIT DETENTION CENTER,RRF,DETROIT DETENTION CENTER
Michigan,665,10003826,EARNEST C. BROOKS CORRECTIONAL FACILITY,LRF,EARNEST C BROOKS CORRECTIONAL FACILITY
Michigan,668,10000277,G ROBERT COTTON CORRECTIONAL FACILITY,JCF,G ROBERT COTTON CORRECTIONAL FACILITY
Michigan,669,10001387,GUS HARRISON CORRECTIONAL FACILITY,ARF,GUS HARRISON CORRECTIONAL FACILITY
Michigan,669,10001387,GUS HARRISON CORRECTIONAL FACILITY,ARF N,GUS HARRISON CORRECTIONAL FACILITY
Michigan,669,10001387,GUS HARRISON CORRECTIONAL FACILITY,ARF S,GUS HARRISON CORRECTIONAL FACILITY
Michigan,671,10000272,IONIA CORRECTIONAL FACILITY,ICF,IONIA CORRECTIONAL FACILTY
Michigan,673,10001345,KINROSS CORRECTIONAL FACILITY,KCF,KINROSS CORRECTIONAL FACILITY
Michigan,674,10001389,LAKELAND CORRECTIONAL FACILITY,LCF,LAKELAND CORRECTIONAL FACILITY
Michigan,675,10001366,MACOMB CORRECTIONAL FACILITY,MRF,MACOMB CORRECTIONAL FACILITY
Michigan,676,10001342,MARQUETTE BRANCH PRISON,MBP,MARQUETTE BRANCH PRISON
Michigan,677,10003834,MICHIGAN REFORMATORY,RMI,MICHIGAN REFORMATORY
Michigan,679,10003824,MUSKEGON CORRECTIONAL FACILITY,MCF,MUSKEGON CORRECTIONAL FACILITY
Michigan,680,10001341,NEWBERRY CORRECTIONAL FACILITY,NCF,NEWBERRY CORRECTIONAL FACILITY
Michigan,682,10000267,OAKS CORRECTIONAL FACILITY,ECF,OAKS CORRECTIONAL FACILITY
Michigan,683,10001386,PARNALL CORRECTIONAL FACILITY,SMT,PARNALL CORRECTIONAL FACILITY
Michigan,684,10000273,RICHARD A HANDLON CORRECTIONAL FACILITY,MTU,RICHARD A HANDLON CORRECTIONAL FACILITY
Michigan,685,10001357,SAGINAW CORRECTIONAL FACILITY,SRF,SAGINAW CORRECTIONAL FACILITY
Michigan,686,10001361,ST. LOUIS CORRECTIONAL FACILITY,SLF,ST LOUIS CORRECTIONAL FACILITY
Michigan,688,10000269,THUMB CORRECTIONAL FACILITY,TCF,THUMB CORRECTIONAL FACILITY
Michigan,689,10001382,WOMEN'S HURON VALLEY CORRECTIONAL FACILITY,WHV,WOMENS HURON VALLEY CORRECTIONAL FACILITY
Michigan,690,10000274,WOODLAND CENTER CORRECTIONAL FACILITY,WCC,WOODLAND CENTER CORRECTIONAL FACILITY
Minnesota,693,10000262,MCF - FARIBAULT,MCF-FRB,FARIBAULT CORRECTIONAL FACILITY
Minnesota,700,10001319,MCF - MOOSE LAKE,MCF-ML,MOOSE LAKE CORRECTIONAL FACILITY
Minnesota,701,10001331,MCF - OAK PARK HEIGHTS,MCF-OPH,OAK PARK HEIGHTS CORRECTIONAL FACILITY
Minnesota,704,10001322,MCF - RUSH CITY,MCF-RC,RUSH CORRECTIONAL FACILITY
Minnesota,705,10001324,MCF - ST. CLOUD,MCF-SCL,SAINT CLOUD CORRECTIONAL FACILITY
Minnesota,709,10001330,MCF - STILLWATER,MCF-STW,STILLWATER CORRECTIONAL FACILITY
Mississippi,715,10005532,ALCORN COUNTY REGIONAL CORRECTIONAL FACILITY,ALCORN CJ,ALCORN COUNTY CORRECTIONAL FACILITY
Mississippi,716,10004234,BOLIVAR COUNTY REGIONAL CORRECTIONAL FACILITY,BCRCF,BOLIVAR COUNTY CORRECTIONAL FACILITY
Mississippi,717,10001809,CARROLL-MONTGOMERY COUNTY REGIONAL CORRECTIONAL FACILITY,CMRCF,CARROLL MONTGOMERY COUNTY CORRECTIONAL FACILITY
Mississippi,718,10004248,CENTRAL MISSISSIPPI CORRECTIONAL FACILITY,CMCF,CENTRAL MISSISSIPPI CORRECTIONAL FACILITY
Mississippi,718,10004248,CENTRAL MISSISSIPPI CORRECTIONAL FACILITY,CMCM,CENTRAL MISSISSIPPI CORRECTIONAL FACILITY
Mississippi,718,10004248,CENTRAL MISSISSIPPI CORRECTIONAL FACILITY,MCMCF,CENTRAL MISSISSIPPI CORRECTIONAL FACILITY
Mississippi,719,10005550,CHICKASAW COUNTY REGIONAL CORRECTIONAL FACILITY,CCRCF,CHICKASAW COUNTY CORRECTIONAL FACILITY
Mississippi,720,10001808,DELTA CORRECTIONAL FACILITY,DELTA TVC,DELTA CORRECTIONAL FACILITY
Mississippi,722,10001816,EAST MISSISSIPPI CORRECTIONAL FACILITY,EMCF,EAST MISSISSIPPI CORRECTIONAL FACILITY MERIDIAN
Mississippi,723,10001822,GEORGE-GREENE COUNTY REG CORRECTIONAL FACILITY,GCCF,GEORGE COUNTY CORRECTIONAL FACILITY
Mississippi,723,10001822,GEORGE-GREENE COUNTY REG CORRECTIONAL FACILITY,GEORGE CCF,GEORGE COUNTY CORRECTIONAL FACILITY
Mississippi,725,10004242,ISSAQUENA COUNTY CORRECTIONAL FACILITY,ISSA,ISSAQUENA COUNTY CORRECTIONAL FACILITY
Mississippi,727,10002646,KEMPER-NESHOBA COUNTY REGIONAL CORRECTIONAL FACILITY,KCCF,KEMPER NESHOBA COUNTY CORRECTIONAL FACILITY
Mississippi,727,10002646,KEMPER-NESHOBA COUNTY REGIONAL CORRECTIONAL FACILITY,KEMPER CCF,KEMPER NESHOBA COUNTY CORRECTIONAL FACILITY
Mississippi,730,10001804,MARSHALL COUNTY CORRECTIONAL FACILITY,MCCF,MARSHALL COUNTY CORRECTIONAL FACILITY HOLLY SPRINGS
Mississippi,731,10001807,MISSISSIPPI STATE PENITENTIARY,MSP,MISSISSIPPI STATE PENITENTIARY (PARCHMAN)
Mississippi,734,10004255,SOUTH MISSISSIPPI CORRECTIONAL INSTITUTION,SMCI,SOUTH MISSISSIPPI CORRECTIONAL INSTITUTION LEAKESVILLE
Mississippi,738,10001805,TALLAHATCHIE COUNTY CORRECTIONAL FACILITY,TCCF,TALLAHATCHIE COUNTY CORRECTIONAL FACILITY
Mississippi,738,10001805,TALLAHATCHIE COUNTY CORRECTIONAL FACILITY,TCCT,TALLAHATCHIE COUNTY CORRECTIONAL FACILITY
Mississippi,740,10001821,WILKINSON COUNTY CORRECTIONAL FACILITY,WCCF,WILKINSON COUNTY CORRECTIONAL FACILITY
Montana,777,10001936,BUTTE PRE-RELEASE / WOMEN'S TRANSITIONAL CENTER,BUTTE PRERELEASE CENTER - MALE,BUTTE PRERELEASE CENTER BUTTE
Montana,778,10001151,CROSSROADS CORRECTIONAL CENTER,CROSSROADS,CROSSROADS CORRECTIONAL CENTER
Montana,778,10001151,CROSSROADS CORRECTIONAL CENTER,CROSSROADS CORRECTIONAL CENTER,CROSSROADS CORRECTIONAL CENTER
Montana,779,10001155,DAWSON COUNTY CORRECTIONAL FACILITY,DAWSON COUNTY CORRECTIONAL FACILITY,DAWSON COUNTY CORRECTIONAL FACILITY
Montana,783,10001933,CASCADE COUNTY REGIONAL PRISON,GREAT FALLS REGIONAL PRISON,GREAT FALLS REGIONAL PRISON
Montana,784,10001156,GREAT FALLS WOMEN'S PRE-RELEASE CENTER,GREAT FALLS TRANSITION CENTER,GREAT FALLS TRANSITION CENTER
Montana,789,10003624,MONTANA STATE PRISON,MONTANA STATE PRISON,MONTANA STATE PRISON
Montana,790,10003626,MONTANA WOMEN'S PRISON,MONTANA WOMEN'S PRISON,MONTANA WOMENS PRISON
Montana,790,10003626,MONTANA WOMEN'S PRISON,MONTANA WOMENS PRISON,MONTANA WOMENS PRISON
Montana,794,10003625,RIVERSIDE RECOVERY & REENTRY PROGRAM,RIVERSIDE SPECIAL NEEDS UNIT,RIVERSIDE SPECIAL NEEDS UNIT
Nevada,811,10003799,ELY STATE PRISON,ESP,ELY STATE PRISON
Nevada,812,10000261,FLORENCE MCCLURE WOMEN'S CORRECTIONAL CENTER,FMWCC,FLORENCE MCCLURE WOMENS CORRECTIONAL CENTER
Nevada,814,10003004,HIGH DESERT STATE PRISON,HDSP,HIGH DESERT STATE PRISON INDIAN VALLEY
Nevada,816,10002991,LOVELOCK CORRECTIONAL CENTER,LCC,LOVELOCK CORRECTIONAL CENTER
Nevada,817,10002996,NORTHERN NEVADA CORRECTIONAL CENTER,NNCC,NORTHERN NEVADA CORRECTIONAL CENTER
Nevada,817,10002996,NORTHERN NEVADA CORRECTIONAL CENTER,NNCC MIC,NORTHERN NEVADA CORRECTIONAL CENTER
Nevada,817,10002996,NORTHERN NEVADA CORRECTIONAL CENTER,NNCC RMF,NORTHERN NEVADA CORRECTIONAL CENTER
Nevada,819,10003005,SOUTHERN DESERT CORRECTIONAL CENTER,SDCC,SOUTHERN DESERT CORRECTIONAL CENTER
New Jersey,835,10002298,ADULT DIAGNOSTIC AND TREATMENT CENTER,ADTC,ADULT DIAGNOSTIC AND TREATMENT CENTER
New Jersey,836,10004018,BAYSIDE STATE PRISON,BSP,BAYSIDE STATE PRISON
New Jersey,839,10002301,CENTRAL RECEPTION AND ASSIGNMENT FACILITY,CRAF,CENTRAL RECEPTION AND ASSIGNMENT FACILITY
New Jersey,845,10003996,EAST JERSEY STATE PRISON,EJSP,EAST JERSEY STATE PRISON
New Jersey,845,10003996,EAST JERSEY STATE PRISON,EJSP-TULLY,EAST JERSEY STATE PRISON
New Jersey,846,10003993,EDNA MAHAN CORRECTIONAL FACILITY FOR WOMEN,EMCF,EDNA MAHAN CORRECTIONAL FACILITY FOR WOMEN
New Jersey,846,10003993,EDNA MAHAN CORRECTIONAL FACILITY FOR WOMEN,EMCR,EDNA MAHAN CORRECTIONAL FACILITY FOR WOMEN
New Jersey,852,10004004,GARDEN STATE YOUTH CORRECTIONAL FACILITY,GSCF,GARDEN STATE YOUTH CORRECTIONAL FACILITY
New Jersey,860,10001516,MID-STATE CORRECTIONAL FACILITY,MIDSTATE CORRECTIONAL FACILITY,MID STATE CORRECTIONAL FACILITY
New Jersey,862,10004003,NEW JERSEY STATE PRISON,NJSP,NEW JERSEY STATE PRISON
New Jersey,863,10003990,NORTHERN STATE PRISON,NSP,NORTHERN STATE PRISON
New Jersey,864,10001519,SOUTH WOODS STATE PRISON,SWSP,SOUTH WOODS STATE PRISON
New Jersey,865,10004017,SOUTHERN STATE CORRECTIONAL FACILITY,SSCF,SOUTHERN STATE CORRECTIONAL FACILITY
New Mexico,874,10001246,GUADALUPE COUNTY CORRECTIONAL FACILITY,GCCF,GUADALUPE COUNTY CORRECTIONAL FACILITY
New Mexico,875,10003790,LEA COUNTY CORRECTIONAL FACILITY,LCCF,LEA COUNTY CORRECTIONAL FACILITY
New Mexico,876,10001243,NORTHEAST NEW MEXICO DETENTION FACILITY,NENMDF,NORTHEAST NEW MEXICO CORRECTIONAL FACILITY
New Mexico,877,10003781,NORTHWEST NEW MEXICO CORRECTIONAL CENTER,NMWCF,NORTHWEST NEW MEXICO CORRECTIONAL CENTER
New Mexico,877,10003781,NORTHWEST NEW MEXICO CORRECTIONAL CENTER,NWNMCF,NORTHWEST NEW MEXICO CORRECTIONAL CENTER
New Mexico,885,10001244,WESTERN NM CORRECTIONAL FACILITY,WNMCF,WESTERN NEW MEXICO CORRECTIONAL FACILITY
New York,886,10003134,ADIRONDACK CORRECTIONAL FACILITY,ADIRONDACK,ADIRONDACK CORRECTIONAL FACILITY
New York,887,10003145,ALBION CORRECTIONAL FACILITY,ALBION,ALBION CORRECTIONAL FACILITY
New York,889,10002287,ATTICA CORRECTIONAL FACILITY,ATTICA,ATTICA CORRECTIONAL FACILITY
New York,890,10000745,AUBURN CORRECTIONAL FACILITY,AUBURN,AUBURN CORRECTIONAL FACILITY
New York,891,10003131,BARE HILL CORRECTIONAL FACILITY,BARE HILL,BARE HILL CORRECTIONAL FACILITY
New York,892,10002290,BEDFORD HILLS CORRECTIONAL FACILITY,BEDFORD HILLS,BEDFORD HILLS CORRECTIONAL FACILITY
New York,896,10000744,CAPE VINCENT CORRECTIONAL FACILITY,CAPE VINCENT,CAPE VINCENT CORRECTIONAL FACILITY
New York,897,10002281,CAYUGA CORRECTIONAL FACILITY,CAYUGA,CAYUGA CORRECTIONAL FACILITY
New York,898,10003127,CLINTON CORRECTIONAL FACILITY - MAIN,CLINTON,CLINTON CORRECTIONAL FACILITY
New York,899,10003166,COLLINS CORRECTIONAL FACILITY,COLLINS,COLLINS CORRECTIONAL FACILITY
New York,901,10003188,COXSACKIE CORRECTIONAL FACILITY,COXSACKIE,COXSACKIE CORRECTIONAL FACILITY
New York,902,10003199,DOWNSTATE CORRECTIONAL FACILITY,DOWNSTATE,DOWNSTATE CORRECTIONAL FACILITY
New York,903,10003195,EASTERN NY CORRECTIONAL FACILITY,EASTERN,EASTERN CORRECTIONAL FACILITY
New York,904,10003233,EDGECOMBE RESIDENTIAL TREATMENT FACILITY,EDGECOMBE,EDGECOMBE RESIDENTIAL TREATMENT FACILITY
New York,905,10003192,ELMIRA CORRECTIONAL FACILITY,ELMIRA,ELMIRA CORRECTIONAL FACILITY
New York,906,10003198,FISHKILL CORRECTIONAL FACILITY,FISHKILL,FISHKILL CORRECTIONAL FACILITY
New York,907,10000754,FIVE POINTS CORRECTIONAL FACILITY,FIVE POINTS,FIVE POINTS CORRECTIONAL FACILITY
New York,908,10003132,FRANKLIN CORRECTIONAL FACILITY,FRANKLIN,FRANKLIN CORRECTIONAL FACILITY
New York,911,10003167,GOWANDA CORRECTIONAL FACILITY,GOWANDA,GOWANDA CORRECTIONAL FACILITY
New York,912,10003141,GREAT MEADOW CORRECTIONAL FACILITY,GREAT MEADOW,GREAT MEADOW CORRECTIONAL FACILITY
New York,913,10001504,GREEN HAVEN CORRECTIONAL FACILITY,GREEN HAVEN,GREEN HAVEN CORRECTIONAL FACILITY
New York,914,10003189,GREENE CORRECTIONAL FACILITY,GREENE,GREENE CORRECTIONAL FACILITY
New York,915,10000756,GROVELAND CORRECTIONAL FACILITY,GROVELAND,GROVELAND CORRECTIONAL FACILITY
New York,916,10003156,HALE CREEK ASACTC,HALE CREEK,HALE CREEK CORRECTIONAL FACILITY
New York,919,10000759,LAKEVIEW SHOCK INCARCERATION CORRECTIONAL FACILITY,LAKEVIEW,LAKEVIEW CORRECTIONAL FACILITY
New York,920,10000751,MARCY CORRECTIONAL FACILITY,MARCY,MARCY CORRECTIONAL FACILITY
New York,922,10003152,MID-STATE CORRECTIONAL FACILITY,MIDSTATE,MIDSTATE CORRECTIONAL FACILITY
New York,923,10003149,MOHAWK CORRECTIONAL FACILITY,MOHAWK,MOHAWK WALSH REGIONAL MEDICAL UNIT
New York,927,10003124,OGDENSBURG CORRECTIONAL FACILITY,OGDENSBURG,OGDENSBURG CORRECTIONAL FACILITY
New York,928,10003144,ORLEANS CORRECTIONAL FACILITY,ORLEANS,ORLEANS CORRECTIONAL FACILITY
New York,929,10003204,OTISVILLE CORRECTIONAL FACILITY,OTISVILLE,OTISVILLE CORRECTIONAL FACILITY
New York,931,10003227,QUEENSBORO CORRECTIONAL FACILITY,QUEENSBORO,QUEENSBORO CORRECTIONAL FACILITY
New York,933,10003125,RIVERVIEW CORRECTIONAL FACILITY,RIVERVIEW,RIVERVIEW CORRECTIONAL FACILITY
New York,934,10003148,ROCHESTER CORRECTIONAL FACILITY,ROCHESTER,ROCHESTER CORRECTIONAL FACILITY
New York,936,10000763,SHAWANGUNK CORRECTIONAL FACILITY,SHAWANGUNK,SHAWANGUNK CORRECTIONAL FACILITY
New York,937,10003209,SING SING CORRECTIONAL FACILITY,SING SING,SING SING CORRECTIONAL FACILITY
New York,938,10003193,SOUTHPORT CORRECTIONAL FACILITY,SOUTHPORT,SOUTHPORT CORRECTIONAL FACILITY
New York,940,10003200,SULLIVAN CORRECTIONAL FACILITY,SULLIVAN,SULLIVAN CORRECTIONAL FACILITY
New York,942,10003196,ULSTER CORRECTIONAL FACILITY,ULSTER,ULSTER CORRECTIONAL FACILITY
New York,943,10003130,UPSTATE CORRECTIONAL FACILITY,UPSTATE,UPSTATE CORRECTIONAL FACILITY
New York,945,10003197,WALLKILL CORRECTIONAL FACILITY,WALLKILL,WALLKILL CORRECTIONAL FACILITY
New York,946,10003140,WASHINGTON CORRECTIONAL FACILITY,WASHINGTON,WASHINGTON CORRECTIONAL FACILITY
New York,947,10003138,WATERTOWN CORRECTIONAL FACILITY,WATERTOWN,WATERTOWN CORRECTIONAL FACILITY
New York,948,10003165,WENDE CORRECTIONAL FACILITY,WENDE,WENDE CORRECTIONAL FACILITY
New York,950,10003201,WOODBOURNE CORRECTIONAL FACILITY,WOODBOURNE,WOODBOURNE CORRECTIONAL FACILITY
New York,951,10003175,WYOMING CORRECTIONAL FACILITY,WYOMING,WYOMING CORRECTIONAL FACILITY
North Carolina,952,10001786,ALBEMARLE CORRECTIONAL INSTITUTION,ALBEMARLE CI,ALBEMARLE CORRECTIONAL INSTITUTION
North Carolina,953,10001023,ALEXANDER CORRECTIONAL INSTITUTION,ALEXANDER CI,ALEXANDER CORRECTIONAL INSTITUTION
North Carolina,954,10001790,ANSON CI - FEMALE,ANSON CI,ANSON CORRECTIONAL INSTITUTION
North Carolina,955,10006147,AVERY-MITCHELL CORRECTIONAL INSTITUTION,AVERY-MITCHELL CI,AVERY MITCHELL CORRECTIONAL INSTITUTION
North Carolina,957,10001759,BERTIE CORRECTIONAL INSTITUTION,BERTIE CI,BERTIE CORRECTIONAL INSTITUTION
North Carolina,964,10004170,CALDWELL CORRECTIONAL CENTER,CALDWELL CC,CALDWELL CORRECTIONAL CENTER
North Carolina,965,10002633,CALEDONIA CORRECTIONAL INSTITUTION,CALEDONIA CI,CALEDONIA CORRECTIONAL INSTITUTION
North Carolina,966,10004216,CARTERET CORRECTIONAL CENTER,CARTERET CC,CARTERET CORRECTIONAL CENTER
North Carolina,968,10002638,CATAWBA CORRECTIONAL CENTER,CATAWBA CC,CATAWBA CORRECTIONAL CENTER
North Carolina,969,10001766,CENTRAL PRISON,CENTRAL PRISON,CENTRAL PRISON
North Carolina,971,10001798,COLUMBUS CORRECTIONAL INSTITUTION,COLUMBUS CI,COLUMBUS CORRECTIONAL INSTITUTION
North Carolina,973,10002640,CRAGGY CORRECTIONAL CENTER,CRAGGY CC,CRAGGY CORRECTIONAL CENTER
North Carolina,974,10001787,CRAVEN CORRECTIONAL INSTITUTION,CRAVEN CI,CRAVEN CORRECTIONAL INSTITUTION
North Carolina,975,10001750,DAN RIVER PRISON WORK FARM,DAN RIVER PWF,DAN RIVER PRISON WORK FARM
North Carolina,976,10004177,DAVIDSON CORRECTIONAL CENTER,DAVIDSON CC,DAVIDSON CORRECTIONAL CENTER
North Carolina,978,10004194,EASTERN CORRECTIONAL INSTITUTION,EASTERN CI,EASTERN CORRECTIONAL INSTITUTION
North Carolina,979,10001769,FOOTHILLS CORRECTIONAL INSTITUTION,FOOTHILLS CI,FOOTHILLS CORRECTIONAL INSTITUTION
North Carolina,980,10004159,FORSYTH CORRECTIONAL CENTER,FORSYTH CC,FORSYTH CORRECTIONAL CENTER
North Carolina,981,10004157,FRANKLIN CORRECTIONAL CENTER,FRANKLIN CC,FRANKLIN CORRECTIONAL CENTER
North Carolina,982,10004210,GASTON CORRECTIONAL CENTER,GASTON CC,GASTON CORRECTIONAL CENTER
North Carolina,983,10001775,GREENE CORRECTIONAL INSTITUTION,GREENE CI,GREENE CORRECTIONAL INSTITUTION
North Carolina,984,10001025,HARNETT CORRECTIONAL INSTITUTION,HARNETT CI,HARNETT CORRECTIONAL INSTITUTION
North Carolina,985,10001797,HOKE CORRECTIONAL INSTITUTION,HOKE CI,HOKE CI
North Carolina,986,10004193,HYDE CORRECTIONAL INSTITUTION,HYDE CI,HYDE CORRECTIONAL INSTITUTION
North Carolina,987,10004190,JOHNSTON CORRECTIONAL INSTITUTION,JOHNSTON CI,JOHNSTON CORRECTIONAL INSTITUTION
North Carolina,989,10001027,LUMBERTON CORRECTIONAL INSTITUTION,LUMBERTON CI,LUMBERTON CORRECTIONAL INSTITUTION
North Carolina,990,10001770,MARION CORRECTIONAL INSTITUTION,MARION CI,MARION CORRECTIONAL INSTITUTION
North Carolina,991,10001776,MAURY CORRECTIONAL INSTITUTION,MAURY CI,MAURY CORRECTIONAL INSTITUTION
North Carolina,993,10001754,MOUNTAIN VIEW CORRECTIONAL INSTITUTION,MOUNTAIN VIEW CI,MOUNTAIN VIEW CORRECTIONAL INSTITUTION
North Carolina,994,10001763,NASH CORRECTIONAL INSTITUTION,NASH CI,NASH CORRECTIONAL INSTITUTION
North Carolina,995,10001782,NEUSE CORRECTIONAL INSTITUTION,NEUSE CI,NEUSE CORRECTIONAL INSTITUTION
North Carolina,997,10004173,NORTH CAROLINA CORRECTIONAL INSTITUTION FOR WOMEN,NC CI WOMEN,NORTH CAROLINA CORRECTIONAL INSTITUTION FOR WOMEN
North Carolina,997,10004173,NORTH CAROLINA CORRECTIONAL INSTITUTION FOR WOMEN,NCCIW,NORTH CAROLINA CORRECTIONAL INSTITUTION FOR WOMEN
North Carolina,999,10004165,ORANGE CORRECTIONAL CENTER,ORANGE CC,ORANGE CORRECTIONAL CENTER
North Carolina,1000,10001788,PAMLICO CORRECTIONAL INSTITUTION,PAMLICO CI,PAMLICO CORRECTIONAL INSTITUTION
North Carolina,1001,10001752,PASQUOTANK CORRECTIONAL INSTITUTION,PASQUOTANK CI,PASQUOTANK CORRECTIONAL INSTITUTION
North Carolina,1002,10004226,PENDER CORRECTIONAL INSTITUTION,PENDER CI,PENDER CORRECTIONAL INSTITUTION
North Carolina,1003,10004183,PIEDMONT CORRECTIONAL INSTITUTION,PIEDMONT CI,PIEDMONT CORRECTIONAL INSTITUTION
North Carolina,1004,10001747,POLK CORRECTIONAL INSTITUTION,POLK CI,POLK CORRECTIONAL INSTITUTION
North Carolina,1006,10001771,RANDOLPH CORRECTIONAL CENTER,RANDOLPH CC,RANDOLPH CORRECTIONAL CENTER
North Carolina,1009,10001778,RUTHERFORD CORRECTIONAL CENTER,RUTHERFORD CC,RUTHERFORD CORRECTIONAL CENTER
North Carolina,1010,10004213,SAMPSON CORRECTIONAL INSTITUTION,SAMPSON CI,SAMPSON CORRECTIONAL INSTITUTION
North Carolina,1012,10001793,SCOTLAND CORRECTIONAL INSTITUTION,SCOTLAND CI,SCOTLAND CORRECTIONAL INSTITUTION
North Carolina,1014,10001784,SOUTHERN CORRECTIONAL INSTITUTION,SOUTHERN CI,SOUTHERN CORRECTIONAL INSTITUTION
North Carolina,1017,10001799,TABOR CORRECTIONAL INSTITUTION,TABOR CI,TABOR CORRECTIONAL INSTITUTION
North Carolina,1020,10004146,WARREN CORRECTIONAL INSTITUTION,WARREN CI,WARREN CORRECTIONAL INSTITUTION
North Dakota,1024,10003607,DAKOTA WOMEN'S CORRECTIONAL AND REHABILITATION CENTER,DAKOTA WOMEN'S CORRECTIONAL AND REHABILITATION CENTER,DAKOTA WOMENS CORRECTIONAL REHABILITATION CENTER
North Dakota,1026,10003603,JAMES RIVER CORRECTIONAL CENTER,JAMES RIVER CORRECTIONAL CENTER,JAMES RIVER CORRECTIONAL CENTER
North Dakota,1028,10003601,NORTH DAKOTA STATE PENITENTIARY,NORTH DAKOTA STATE PENITENTIARY,NORTH DAKOTA STATE PENITENTIARY
Oklahoma,1098,10003565,CHARLES E JOHNSON CORRECTIONAL CENTER,BILL JOHNSON CORRECTIONAL CENTER,BILL JOHNSON CORRECTIONAL CENTER
Oklahoma,1100,10006633,CARVER TRANSITIONAL CENTER,CARVER HALFWAY HOUSE,CARVER TRANSITIONAL CENTER HALFWAY HOUSE
Oklahoma,1100,10006633,CARVER TRANSITIONAL CENTER,CARVER TRANSITIONAL CENTER,CARVER TRANSITIONAL CENTER HALFWAY HOUSE
Oklahoma,1101,10001017,CIMARRON CORRECTIONAL FACILITY,CIMARRON CORRECTIONAL FACILITY,CIMARRON CORRECTIONAL FACILITY PRIVATE PRISON
Oklahoma,1102,10002629,CLARA WATERS COMMUNITY CORRECTIONS CENTER,CLARA WATERS COMMUNITYCORRECTIONAL CENTER,CLARA WATERS COMMUNITY CORRECTIONS CENTER
Oklahoma,1103,10001734,DAVIS CORRECTIONAL FACILITY,DAVIS CORRECTIONAL FACILITY,DAVIS CORRECTIONAL FACILITY PRIVATE PRISON
Oklahoma,1104,10003568,DICK CONNER CORRECTIONAL CENTER,DICK CONNER CORRECTIONAL CENTER,DICK CONNER CORRECTIONAL CENTER
Oklahoma,1104,10003568,DICK CONNER CORRECTIONAL CENTER,DICK CONNERS CORRECTIONAL CENTER,DICK CONNER CORRECTIONAL CENTER
Oklahoma,1105,10003571,DR. EDDIE WARRIOR CORRECTIONAL CENTER,EDDIE WARRIOR CORRECTIONAL CENTER,EDDIE WARRIOR CORRECTIONAL CENTER
Oklahoma,1109,10003591,HOWARD MCLEOD CORRECTIONAL CENTER,HOWARD MCLEOD CORRECTIONAL CENTER,HOWARD MCLEOD CORRECTIONAL CENTER
Oklahoma,1110,10003585,JACKIE BRANNON CORRECTIONAL CENTER,JACKIE BRANNON CORRECTIONAL CENTER,JACKIE BRANNON CORRECTIONAL CENTER
Oklahoma,1111,10001016,JAMES CRABTREE CORRECTIONAL CENTER,JAMES CRABTREE CORRECTIONAL CENTER,JAMES CRABTREE CORRECTIONAL CENTER
Oklahoma,1111,10001016,JAMES CRABTREE CORRECTIONAL CENTER,JAMES CRABTREE CORRECTIONALCENTER,JAMES CRABTREE CORRECTIONAL CENTER
Oklahoma,1112,10001725,JESS DUNN CORRECTIONAL CENTER,JESS DUNN CORRECTIONAL CENTER,JESS DUNN CORRECTIONAL CENTER
Oklahoma,1113,10001731,JIM E HAMILTON CORRECTIONAL CENTER,JIM E. HAMILTON CORRECTIONAL CENTER,JIM E HAMILTON CORRECTIONAL CENTER
Oklahoma,1114,10001729,JOHN H LILLEY CORRECTIONAL CENTER,JOHN H. LILLEY CORRECTIONAL CENTER,JOHN LILLEY CORRECTIONAL CENTER
Oklahoma,1115,10001732,JOSEPH HARP CORRECTIONAL CENTER,JOSEPH HARP CORRECTIONAL CENTER,JOSEPH HARP CORRECTIONAL CENTER
Oklahoma,1115,10001732,JOSEPH HARP CORRECTIONAL CENTER,JOSHEPH HARP CORRECTIONAL CENTER,JOSEPH HARP CORRECTIONAL CENTER
Oklahoma,1117,10003590,LAWTON COMMUNITY CORRECTIONS CENTER,LAWTON COMMUNITY CORRECTIONAL CENTER,LAWTON COMMUNITY CORRECTIONS CENTER
Oklahoma,1117,10003590,LAWTON COMMUNITY CORRECTIONS CENTER,LAWTON COMMUNITYCORRECTIONAL CENTER- HOST OSR,LAWTON COMMUNITY CORRECTIONS CENTER
Oklahoma,1118,10001735,LAWTON CORRECTIONAL FACILITY,LAWTON CORRECTIONAL FACILITY,LAWTON CORRECTIONAL FACILITY
Oklahoma,1119,10001733,LEXINGTON ASSESSMENT AND RECEPTION CENTER,LEXINGTON CORRECTIONAL CENTER,LEXINGTON ASSESSMENT AND RECEPTION CENTER
Oklahoma,1119,10001733,LEXINGTON ASSESSMENT AND RECEPTION CENTER,LEXINGTON CORRECTIONALCENTER,LEXINGTON ASSESSMENT AND RECEPTION CENTER
Oklahoma,1120,10003580,MABEL BASSETT CORRECTIONAL CENTER,MABEL BASSETT CORRECTIONAL CENTER,MABEL BASSETT CORRECTIONAL CENTER
Oklahoma,1121,10003592,MACK ALFORD CORRECTIONAL CENTER,MACK ALFORD CORRECTIONAL CENTER,MACK ALFORD CORRECTIONAL CENTER
Oklahoma,1122,10001730,NORTH FORK CORRECTIONAL CENTER,NORTH FORK CORRECTIONAL CENTER,NORTH FORK CORRECTIONAL CENTER
Oklahoma,1122,10001730,NORTH FORK CORRECTIONAL CENTER,NORTHFORK CORRECTIONAL CENTER,NORTH FORK CORRECTIONAL CENTER
Oklahoma,1123,10003566,NORTHEAST OKLAHOMA CORRECTIONAL CENTER,NORTHEAST OKLAHOMACORRECTIONAL CENTER,NORTHEAST OKLAHOMA CORRECTIONAL CENTER
Oklahoma,1125,10003574,OKLAHOMA CITY COMMUNITY CORRECTIONS CENTER,OKLAHOMA CITY COMMUNITYCORRECTIONS CENTER,OKLAHOMA CITY COMMUNITY CORRECTIONS CENTER
Oklahoma,1127,10003584,OKLAHOMA STATE PENITENTIARY,OKLAHOMA STATE PENITENTIARY,OKLAHOMA STATE PENITENTIARY
Oklahoma,1128,10003587,OKLAHOMA STATE REFORMATORY,OKLAHOMA STATE REFORMATORY,OKLAHOMA STATE REFORMATORY
Oklahoma,1131,10006637,TULSA TRANSITIONAL CENTER,TULSA TRANSITION CENTER,TULSA TRANSITIONAL CENTER HALFWAY HOUSE
Oklahoma,1131,10006637,TULSA TRANSITIONAL CENTER,TULSA TRANSITIONAL CENTER,TULSA TRANSITIONAL CENTER HALFWAY HOUSE
Oklahoma,1132,10003572,UNION CITY COMMUNITY CORRECTIONS CENTER,UNION CITY COMMUNITYCORRECTIONS CENTER,UNION CITY COMMUNITY CORRECTIONS CENTER
Oklahoma,1133,10003569,WILLIAM S KEY CORRECTIONAL CENTER,WILLIAM S. KEY CORRECTIONAL CENTER,WILLIAM S KEY CORRECTIONAL CENTER
Oregon,1134,10001298,COFFEE CREEK CORRECTIONAL FACILITY,CCCF,COFFEE CREEK CORRECTIONAL FACILITY
Oregon,1135,10001298,COFFEE CREEK CORRECTIONAL FACILITY,CCIC,COFFEE CREEK INTATE CENTER
Oregon,1136,10002958,COLUMBIA RIVER CORRECTIONAL INSTITUTION,CRCI,COLUMBIA RIVER CORRECTIONAL INSTITUTION
Oregon,1137,10000257,DEER RIDGE CORRECTIONAL INSTITUTION,DRCM,DEER RIDGE CORRECTIONAL INSTITUTION
Oregon,1138,10001294,EASTERN OREGON CORRECTIONAL INSTITUTION,EOCI,EASTERN OREGON CORRECTIONAL INSTITUTION
Oregon,1140,10001302,OREGON STATE CORRECTIONAL INSTITUTION,OSCI,OREGON STATE CORRECTIONAL INSTITUTION
Oregon,1141,10002968,OREGON STATE PENITENTIARY,OSP,OREGON STATE PENITENTIARY
Oregon,1143,10002971,SANTIAM CORRECTIONAL INSTITUTION,SCI,SANTIAM CORRECTIONAL INSTITUTION
Oregon,1145,10001312,SHUTTER CREEK CORRECTIONAL INSTITUTION,SCCI,SHUTTER CREEK CORRECTIONAL INSTITUTION
Oregon,1146,10001310,SNAKE RIVER CORRECTIONAL INSTITUTION,SRCI,SNAKE RIVER CORRECTIONAL INSTITUTION
Oregon,1150,10001295,TWO RIVERS CORRECTIONAL INSTITUTION,TRCI,TWO RIVERS CORRECTIONAL INSTITUTION
Oregon,1150,10001295,TWO RIVERS CORRECTIONAL INSTITUTION,TRCM,TWO RIVERS CORRECTIONAL INSTITUTION
Oregon,1151,10006966,WARNER CREEK CORRECTIONAL FACILITY (WCCF),WCCF,WARNER CREEK CORRECTIONAL FACILITY
Pennsylvania,1152,10000709,SCI ALBION,ALBION,ALBION CORRECTIONAL FACILITY
Pennsylvania,1157,10006363,SCI BENNER TOWNSHIP,BENNER,BENNER TOWNSHIP CORRECTIONAL INSTITUTION
Pennsylvania,1157,10006363,SCI BENNER TOWNSHIP,BENNER TOWNSHIP,BENNER TOWNSHIP CORRECTIONAL INSTITUTION
Pennsylvania,1157,10006363,SCI BENNER TOWNSHIP,BENNER TWP,BENNER TOWNSHIP CORRECTIONAL INSTITUTION
Pennsylvania,1158,10003048,SCI CAMBRIDGE SPRINGS,CAMBRIDGE SPRINGS,CAMBRIDGE SPRINGS CORRECTIONAL INSTITUTION
Pennsylvania,1159,10000733,SCI CAMP HILL,CAMP HILL,CAMP HILL CORRECTIONAL INSTITUTION
Pennsylvania,1162,10003117,SCI CHESTER,CHESTER,CHESTER CORRECTIONAL INSTIUTION
Pennsylvania,1163,10003064,SCI COAL TOWNSHIP,COAL TOWNSHIP,COAL TOWNSHIP CORRECTIONAL INSTITUTION
Pennsylvania,1165,10000718,SCI DALLAS,DALLAS,DALLAS CORRECTIONAL INSTITUTION
Pennsylvania,1166,10003109,SCI FAYETTE,FAYETTE,FAYETTE CORRECTIONAL INSTIUTION
Pennsylvania,1167,10003052,SCI FOREST,FOREST,FOREST CORRECTIONAL INSTITUTION
Pennsylvania,1168,10003074,SCI FRACKVILLE,FRACKVILLE,FRACKVILLE CORRECTIONAL INSTITUTION
Pennsylvania,1170,10003121,SCI GREENE,GREENE,GREENE CORRECTIONAL INSTITUTION
Pennsylvania,1171,10000721,SCI HOUTZDALE,HOUTZDALE,HOUTZDALE CORRECTIONAL INSTITUTION
Pennsylvania,1172,10000728,SCI HUNTINGDON,HUNTINGDON,HUNTINGDON CORRECTIONAL INSTITUTION
Pennsylvania,1174,10003107,SCI LAUREL HIGHLANDS,LAUREL HIGHLANDS,LAUREL HIGHLANDS CORRECTIONAL INSTITUTION
Pennsylvania,1177,10003073,SCI MAHANOY,MAHANOY,MAHANOY CORRECTIONAL INSTITUTION
Pennsylvania,1179,10003056,SCI MERCER,MERCER,MERCER CORRECTIONAL INSTITUTION
Pennsylvania,1180,10003054,SCI MUNCY,MUNCY,MUNCY CORRECTIONAL INSTITUTION
Pennsylvania,1186,10003077,SCI PINE GROVE,PINE GROVE,PINE GROVE CORRECTIONAL INSTITUTION
Pennsylvania,1188,10000719,SCI RETREAT,RETREAT,RETREAT
Pennsylvania,1189,10003062,SCI ROCKVIEW,ROCKVIEW,ROCKVIEW CORRECTIONAL INSTITUTION
Pennsylvania,1191,10003082,SCI SMITHFIELD,SMITHFIELD,SMITHFIELD CORRECTIONAL INSTITUTION
Pennsylvania,1192,10000737,SCI SOMERSET,SOMERSET,SOMERSET CORRECTIONAL INSTITUTION
Pennsylvania,1195,10003047,SCI WAYMART,WAYMART,WAYMART CORRECTIONAL INSTITUTION
Pennsylvania,1195,10003047,SCI WAYMART,WAYMART (FTC),WAYMART CORRECTIONAL INSTITUTION
South Carolina,1206,10000098,ALLENDALE CORRECTIONAL INSTITUTION,ALLENDALE,ALLENDALE CORRECTIONAL INSTITUTION
South Carolina,1209,10001141,BROAD RIVER CORRECTIONAL INSTITUTION,BROAD RIVER,BROAD RIVER CORRECTIONAL INSTITUTION
South Carolina,1209,10001141,BROAD RIVER CORRECTIONAL INSTITUTION,BROAD RIVER SECURE FACILI,BROAD RIVER CORRECTIONAL INSTITUTION
South Carolina,1210,10001928,GRAHAM (CAMILLE GRIFFIN) CORRECTIONAL INSTITUTION,GRAHAM,CAMILLE GRAHAM CORRECTIONAL INSTITUTION
South Carolina,1210,10001928,GRAHAM (CAMILLE GRIFFIN) CORRECTIONAL INSTITUTION,GRAHAM R&E,CAMILLE GRAHAM CORRECTIONAL INSTITUTION
South Carolina,1213,10001133,EVANS CORRECTIONAL INSTITUTION,EVANS,EVANS CORRECTIONAL INSTITUTION
South Carolina,1214,10001925,GOODMAN CORRECTIONAL INSTITUTION,GOODMAN,GOODMAN CORRECTIONAL INSTITUTION
South Carolina,1215,10001132,KERSHAW CORRECTIONAL INSTITUTION,KERSHAW,KERSHAW CORRECTIONAL INSTITUTION
South Carolina,1216,10001142,KIRKLAND CORRECTIONAL INSTITUTION,KIRKLAND,KIRKLAND CORRECTIONAL INSTITUTION
South Carolina,1217,10001137,LEATH CORRECTIONAL INSTITUTION,LEATH,LEATH CORRECTIONAL INSTITUTION
South Carolina,1218,10001138,LEE CORRECTIONAL INSTITUTION,LEE,LEE CORRECTIONAL INSTITUTION
South Carolina,1219,10001147,LIEBER CORRECTIONAL INSTITUTION,LIEBER,LIEBER CORRECTIONAL INSTITUTION
South Carolina,1220,10002670,LIVESAY CORRECTIONAL INSTITUTION-A CAMP,LIVESAY,LIVESAY CORRECTIONAL INSTITUTION
South Carolina,1221,10001931,MACDOUGALL CORRECTIONAL INSTITUTION,MACDOUGALL,MACDOUGALL CORRECTIONAL INSTITUTION
South Carolina,1222,10002687,MANNING REENTRY / WORK RELEASE CENTER,MANNING,MANNING CORRECTIONAL INSTITUTION
South Carolina,1223,10001145,MCCORMICK CORRECTIONAL INSTITUTION,MCCORMICK,MCCORMICK CORRECTIONAL INSTITUTION
South Carolina,1227,10001129,PERRY CORRECTIONAL INSTITUTION,PERRY,PERRY CORRECTIONAL INSTITUTION
South Carolina,1228,10001150,RIDGELAND CORRECTIONAL INSTITUTION,RIDGELAND,RIDGELAND CORRECTIONAL INSTITUTION
South Carolina,1230,10002689,TRENTON CORRECTIONAL INSTITUTION,TRENTON,TRENTON CORRECTIONAL INSTITUTION
South Carolina,1231,10002691,TURBEVILLE CORRECTIONAL INSTITUTION,TURBEVILLE,TURBEVILLE CORRECTIONAL INSTITUTION
South Carolina,1232,10002668,TYGER RIVER CORRECTIONAL INSTITUTION,TYGER RIVER,TYGER RIVER CORRECTIONAL INSTITUTION
South Carolina,1233,10002688,WATEREE RIVER CORRECTIONAL INSTITUTION,WATEREE RIVER,WATEREE RIVER CORRECTIONAL INSTITUTION
South Dakota,1236,10001121,G NORTON JAMESON ANNEX,JPA,JAMESON PRISON ANNEX SIOUX FALLS
South Dakota,1237,10001128,MIKE DURFEE STATE PRISON,DSP,MIKE DURFEE STATE PRISON SPRINGFIELD
South Dakota,1241,10001123,SOUTH DAKOTA STATE PENITENTIARY,SDP,SOUTH DAKOTA STATE PENITENTIARY
South Dakota,1242,10002657,SOUTH DAKOTA WOMEN'S PRISON,PIR,SOUTH DAKOTA WOMENS PRISON PIERRE
South Dakota,1243,10002658,WOMEN'S STATE PRISON - UNIT E,PRE,SOUTH DAKOTA WOMENS PRISON UNIT E
South Dakota,1245,10001126,YANKTON COMMUNITY WORK CENTER,YKT,YANKTON COMMUNITY WORK CENTER
Texas,1272,10002716,ALLRED PRISON,"2101, FM 369 N",ALLRED UNIT
Texas,1272,10002716,ALLRED PRISON,21010 FM 369 NORTH,ALLRED UNIT
Texas,1272,10002716,ALLRED PRISON,2101 FM 369,ALLRED UNIT
Texas,1272,10002716,ALLRED PRISON,2101 FM 369 N,ALLRED UNIT
Texas,1272,10002716,ALLRED PRISON,2101 FM 369 N.,ALLRED UNIT
Texas,1272,10002716,ALLRED PRISON,2101 FM 369 NORTH,ALLRED UNIT
Texas,1272,10002716,ALLRED PRISON,2101 FM 369N,ALLRED UNIT
Texas,1272,10002716,ALLRED PRISON,2101 FM 396 NORTH,ALLRED UNIT
Texas,1272,10002716,ALLRED PRISON,2101 FM 969,ALLRED UNIT
Texas,1272,10002716,ALLRED PRISON,2101 FM369 NORTH,ALLRED UNIT
Texas,1285,10001978,BETO PRISON,1391 FM 3228,BETO UNIT
Texas,1285,10001978,BETO PRISON,1391 FM 3325,BETO UNIT
Texas,1285,10001978,BETO PRISON,1391 FM 3328,BETO UNIT
Texas,1285,10001978,BETO PRISON,13941 FM 3328,BETO UNIT
Texas,1285,10001978,BETO PRISON,BETO UNIT,BETO UNIT
Texas,1288,10000190,BOYD CORRECTIONAL UNIT,200 SPUR 13,BOYD UNIT
Texas,1288,10000190,BOYD CORRECTIONAL UNIT,200 SPUR 113,BOYD UNIT
Texas,1288,10000190,BOYD CORRECTIONAL UNIT,21 SPUR 113,BOYD UNIT
Texas,1289,10001977,BRADSHAW STATE JAIL,3900 W LOOP 571 N,BRADSHAW
Texas,1289,10001977,BRADSHAW STATE JAIL,3900 WEST LOOP 571 N,BRADSHAW
Texas,1289,10001977,BRADSHAW STATE JAIL,3900 W LOOP 571,BRADSHAW
Texas,1289,10001977,BRADSHAW STATE JAIL,3900 W. LOOP 571,BRADSHAW
Texas,1289,10001977,BRADSHAW STATE JAIL,3900 WEST LOOP 571,BRADSHAW
Texas,1289,10001977,BRADSHAW STATE JAIL,3900 WEST LOOP 571 NORTH,BRADSHAW
Texas,1289,10001977,BRADSHAW STATE JAIL,BRADSHAW STATE JAIL,BRADSHAW
Texas,1291,10000247,BRISCOE PRISON,1459 HWY 85,BRISCOE UNIT
Texas,1291,10000247,BRISCOE PRISON,1459 W HWY 85,BRISCOE UNIT
Texas,1291,10000247,BRISCOE PRISON,1459 W. HIGHWAY 85,BRISCOE UNIT
Texas,1291,10000247,BRISCOE PRISON,1459 WEST HIGHWAY 85,BRISCOE UNIT
Texas,1296,10001984,BYRD DIAGNOSTIC INTAKE FACILITY,21 F M 247,BYRD UNIT
Texas,1296,10001984,BYRD DIAGNOSTIC INTAKE FACILITY,21 F.M. 247,BYRD UNIT
Texas,1296,10001984,BYRD DIAGNOSTIC INTAKE FACILITY,21 FARM TO MARKET ROAD 247,BYRD UNIT
Texas,1296,10001984,BYRD DIAGNOSTIC INTAKE FACILITY,21 FM 247,BYRD UNIT
Texas,1296,10001984,BYRD DIAGNOSTIC INTAKE FACILITY,21FM 247,BYRD UNIT
Texas,1296,10001984,BYRD DIAGNOSTIC INTAKE FACILITY,27 FM 247,BYRD UNIT
Texas,1299,10002897,YOUNG MEDICAL FACILITY COMPLEX,509 ATTWATER AVENUE,CAROLE YOUNG MEDICAL FACILITY
Texas,1299,10002897,YOUNG MEDICAL FACILITY COMPLEX,5509 ATTWATER,CAROLE YOUNG MEDICAL FACILITY
Texas,1299,10002897,YOUNG MEDICAL FACILITY COMPLEX,5509 ATTWATER AEVNUE,CAROLE YOUNG MEDICAL FACILITY
Texas,1299,10002897,YOUNG MEDICAL FACILITY COMPLEX,5509 ATTWATER AVE,CAROLE YOUNG MEDICAL FACILITY
Texas,1299,10002897,YOUNG MEDICAL FACILITY COMPLEX,5509 ATTWATER AVE.,CAROLE YOUNG MEDICAL FACILITY
Texas,1299,10002897,YOUNG MEDICAL FACILITY COMPLEX,5509 ATTWATER AVENU,CAROLE YOUNG MEDICAL FACILITY
Texas,1299,10002897,YOUNG MEDICAL FACILITY COMPLEX,5509 ATTWATER AVENUE,CAROLE YOUNG MEDICAL FACILITY
Texas,1299,10002897,YOUNG MEDICAL FACILITY COMPLEX,5509 ATTWATER AVENUE CAROLE MEDICAL UNIT,CAROLE YOUNG MEDICAL FACILITY
Texas,1299,10002897,YOUNG MEDICAL FACILITY COMPLEX,5509 ATTWATER DR,CAROLE YOUNG MEDICAL FACILITY
Texas,1299,10002897,YOUNG MEDICAL FACILITY COMPLEX,5509 ATTWATER DRIVE,CAROLE YOUNG MEDICAL FACILITY
Texas,1299,10002897,YOUNG MEDICAL FACILITY COMPLEX,5539 ATTWATER AVENUE,CAROLE YOUNG MEDICAL FACILITY
Texas,1302,10000243,CLEMENS PRISON,11034 HWY 36,CLEMENS UNIT
Texas,1303,10000154,CLEMENTS PRISON,8601 SPUR 591,CLEMENTS UNIT
Texas,1303,10000154,CLEMENTS PRISON,9301 SPUR 591,CLEMENTS UNIT
Texas,1303,10000154,CLEMENTS PRISON,9601 SPUR 561,CLEMENTS UNIT
Texas,1303,10000154,CLEMENTS PRISON,9601 SPUR 591,CLEMENTS UNIT
Texas,1303,10000154,CLEMENTS PRISON,CLEMENTS UNIT,CLEMENTS UNIT
Texas,1304,10000187,COFFIELD UNIT,261 FM 2054,COFFIELD UNIT
Texas,1304,10000187,COFFIELD UNIT,2661 FM 2054,COFFIELD UNIT
Texas,1304,10000187,COFFIELD UNIT,2661 FM 2054 (COFFIELD UNIT),COFFIELD UNIT
Texas,1305,10002726,COLE STATE JAIL,3801 SHILOH RD,COLE STATE JAIL
Texas,1305,10002726,COLE STATE JAIL,3801 SILO RD,COLE STATE JAIL
Texas,1305,10002726,COLE STATE JAIL,3801 SILO RD.,COLE STATE JAIL
Texas,1305,10002726,COLE STATE JAIL,3801 SILO ROAD,COLE STATE JAIL
Texas,1308,10002905,CONNALLY PRISON,889 FM 632,CONNALLY UNIT
Texas,1308,10002905,CONNALLY PRISON,899 FM 632,CONNALLY UNIT
Texas,1310,10002920,COTULLA TRANSFER FACILITY,610 RANCH RD 624,COTULLA UNIT
Texas,1310,10002920,COTULLA TRANSFER FACILITY,610 RANCH RD. 624,COTULLA UNIT
Texas,1310,10002920,COTULLA TRANSFER FACILITY,619 FM 624,COTULLA UNIT
Texas,1310,10002920,COTULLA TRANSFER FACILITY,610 FM 624,COTULLA UNIT
Texas,1311,10001275,CRAIN UNIT,401 STATE SCHOOL RD,CRAIN UNIT
Texas,1311,10001275,CRAIN UNIT,1401 STATE SCHOOL RD,CRAIN UNIT
Texas,1311,10001275,CRAIN UNIT,1401 STATE SCHOOL RD.,CRAIN UNIT
Texas,1311,10001275,CRAIN UNIT,1401 STATE SCHOOL ROAD,CRAIN UNIT
Texas,1314,10000151,DALHART PRISON,11950 FM 998,DALHART UNIT
Texas,1314,10000151,DALHART PRISON,DALHART UNIT,DALHART UNIT
Texas,1317,10000174,PRICE DANIEL UNIT,938 S. FM 1673,DANIEL UNIT
Texas,1317,10000174,PRICE DANIEL UNIT,938 SOUTH FM 1673,DANIEL UNIT
Texas,1317,10000174,PRICE DANIEL UNIT,DANIEL UNIT,DANIEL UNIT
Texas,1320,10000197,DIBOLL CORRECTIONAL CENTER,1604 S 1ST ST,DIBOLL UNIT
Texas,1320,10000197,DIBOLL CORRECTIONAL CENTER,1604 S. 1ST ST.,DIBOLL UNIT
Texas,1320,10000197,DIBOLL CORRECTIONAL CENTER,1604 S. FIRST ST,DIBOLL UNIT
Texas,1320,10000197,DIBOLL CORRECTIONAL CENTER,1604 SOUTH FIRST ST,DIBOLL UNIT
Texas,1320,10000197,DIBOLL CORRECTIONAL CENTER,1604 SOUTH FIRST STREET,DIBOLL UNIT
Texas,1325,10002893,DOMINGUEZ STATE PRISON,6535 CAGNON RD,DOMINGUEZ UNIT
Texas,1325,10002893,DOMINGUEZ STATE PRISON,6535 CAGNON RD.,DOMINGUEZ UNIT
Texas,1325,10002893,DOMINGUEZ STATE PRISON,6535 CAGNON ROAD,DOMINGUEZ UNIT
Texas,1325,10002893,DOMINGUEZ STATE PRISON,6535 CAGON RD,DOMINGUEZ UNIT
Texas,1325,10002893,DOMINGUEZ STATE PRISON,DOMINGUEZ STATE JAIL,DOMINGUEZ UNIT
Texas,1326,10000198,DUNCAN GERIATRIC FACILITY,1502 S FIRST STREET,DUNCAN UNIT
Texas,1326,10000198,DUNCAN GERIATRIC FACILITY,1502 S. 1ST ST.,DUNCAN UNIT
Texas,1326,10000198,DUNCAN GERIATRIC FACILITY,1504 S. 1ST ST.,DUNCAN UNIT
Texas,1326,10000198,DUNCAN GERIATRIC FACILITY,1502 1ST ST,DUNCAN UNIT
Texas,1326,10000198,DUNCAN GERIATRIC FACILITY,1502 1ST ST.,DUNCAN UNIT
Texas,1326,10000198,DUNCAN GERIATRIC FACILITY,1502 S 1ST ST,DUNCAN UNIT
Texas,1326,10000198,DUNCAN GERIATRIC FACILITY,1502 S 1ST ST.,DUNCAN UNIT
Texas,1326,10000198,DUNCAN GERIATRIC FACILITY,1502 S 1ST STREET,DUNCAN UNIT
Texas,1326,10000198,DUNCAN GERIATRIC FACILITY,1502 S. !ST. STREET,DUNCAN UNIT
Texas,1326,10000198,DUNCAN GERIATRIC FACILITY,1502 SOUTH 1ST STREET,DUNCAN UNIT
Texas,1326,10000198,DUNCAN GERIATRIC FACILITY,1502 SOUTH FIRST,DUNCAN UNIT
Texas,1326,10000198,DUNCAN GERIATRIC FACILITY,1502 SOUTH FIRST ST,DUNCAN UNIT
Texas,1326,10000198,DUNCAN GERIATRIC FACILITY,1502 SOUTH FIRST STREET,DUNCAN UNIT
Texas,1327,10002784,EAST TEXAS TREATMENT FACILITY,900 INDUSTRIAL DR,EAST TEXAS UNIT
Texas,1327,10002784,EAST TEXAS TREATMENT FACILITY,900 INDUSTRIAL DR.,EAST TEXAS UNIT
Texas,1327,10002784,EAST TEXAS TREATMENT FACILITY,900 INDUSTRIAL DRIVE,EAST TEXAS UNIT
Texas,1327,10002784,EAST TEXAS TREATMENT FACILITY,EAST TEXAS MEDICAL CENTER,EAST TEXAS UNIT
Texas,1327,10002784,EAST TEXAS TREATMENT FACILITY,EAST TEXAS MEDICAL CTR,EAST TEXAS UNIT
Texas,1327,10002784,EAST TEXAS TREATMENT FACILITY,ETMC FAIRFIELD 125 NEWMAN,EAST TEXAS UNIT
Texas,1328,10002822,EASTHAM PRISON AND TRUSTY CAMP,EASTHAM UNIT,EASTHAM UNIT
Texas,1331,10000212,ELLIS PRISON,1697 FARM TO MRKET ROAD 980,ELLIS UNIT
Texas,1331,10000212,ELLIS PRISON,1697 FM 980,ELLIS UNIT
Texas,1331,10000212,ELLIS PRISON,1697 FM RD 980,ELLIS UNIT
Texas,1331,10000212,ELLIS PRISON,ELLIS UNIT FM 980,ELLIS UNIT
Texas,1333,10000215,ESTELLE PRISON,234 FM 3478,ESTELLE UNIT
Texas,1333,10000215,ESTELLE PRISON,264 FM 2478,ESTELLE UNIT
Texas,1333,10000215,ESTELLE PRISON,264 FM 3478 RD,ESTELLE UNIT
Texas,1333,10000215,ESTELLE PRISON,246 FM 3478,ESTELLE UNIT
Texas,1333,10000215,ESTELLE PRISON,247 FM 3478,ESTELLE UNIT
Texas,1333,10000215,ESTELLE PRISON,264 F.M. 3478,ESTELLE UNIT
Texas,1333,10000215,ESTELLE PRISON,264 FARM TO MARKET 3478,ESTELLE UNIT
Texas,1333,10000215,ESTELLE PRISON,264 FARM TO MARKET RD 3478,ESTELLE UNIT
Texas,1333,10000215,ESTELLE PRISON,264 FARM TO MARKET ROAD,ESTELLE UNIT
Texas,1333,10000215,ESTELLE PRISON,264 FARM TO MARKET ROAD 3478,ESTELLE UNIT
Texas,1333,10000215,ESTELLE PRISON,264 FM 3418,ESTELLE UNIT
Texas,1333,10000215,ESTELLE PRISON,264 FM 3468,ESTELLE UNIT
Texas,1333,10000215,ESTELLE PRISON,264 FM 3478,ESTELLE UNIT
Texas,1333,10000215,ESTELLE PRISON,264 FM 3478 ESTELLE UNIT,ESTELLE UNIT
Texas,1333,10000215,ESTELLE PRISON,264 FM 3674,ESTELLE UNIT
Texas,1333,10000215,ESTELLE PRISON,264 FM 3748,ESTELLE UNIT
Texas,1333,10000215,ESTELLE PRISON,264 FM 6478,ESTELLE UNIT
Texas,1333,10000215,ESTELLE PRISON,264 FM RD #3478,ESTELLE UNIT
Texas,1333,10000215,ESTELLE PRISON,264 FM ROAD #3478,ESTELLE UNIT
Texas,1333,10000215,ESTELLE PRISON,264 FM ROAD 3478,ESTELLE UNIT
Texas,1333,10000215,ESTELLE PRISON,264 FM3748,ESTELLE UNIT
Texas,1333,10000215,ESTELLE PRISON,2645 FM 3478,ESTELLE UNIT
Texas,1333,10000215,ESTELLE PRISON,3478 FM 264,ESTELLE UNIT
Texas,1333,10000215,ESTELLE PRISON,ESTELLE UNIT,ESTELLE UNIT
Texas,1334,10000178,ESTES PRISON,1100 FM 1807,ESTES UNIT
Texas,1337,10000206,FERGUSON PRISON,12120 SAVAGE DR,FERGUSON UNIT
Texas,1337,10000206,FERGUSON PRISON,12120 SAVAGE DR.,FERGUSON UNIT
Texas,1337,10000206,FERGUSON PRISON,12120 SAVAGE DRIVE,FERGUSON UNIT
Texas,1338,10002714,FORMBY STATE JAIL,998 COUNTY ROAD AA,FORMBY STATE JAIL
Texas,1340,10000200,FORT STOCKTON TRANSFER FACILITY,1536 IH-10 EAST,FORT STOCKTON UNIT
Texas,1340,10000200,FORT STOCKTON TRANSFER FACILITY,1536 E. IH 10,FORT STOCKTON UNIT
Texas,1340,10000200,FORT STOCKTON TRANSFER FACILITY,1536 EAST IH-10,FORT STOCKTON UNIT
Texas,1340,10000200,FORT STOCKTON TRANSFER FACILITY,1536 INTERSTATE 10 EAST,FORT STOCKTON UNIT
Texas,1344,10002917,GARZA EAST TRANSFER FACILITY,1040 ENTERPRISE STREET,GARZA EAST
Texas,1344,10002917,GARZA EAST TRANSFER FACILITY,4303 HWY 202,GARZA EAST
Texas,1344,10002917,GARZA EAST TRANSFER FACILITY,4304 HIGHWAY 2002,GARZA EAST
Texas,1344,10002917,GARZA EAST TRANSFER FACILITY,4304 HIGHWAY 202,GARZA EAST
Texas,1344,10002917,GARZA EAST TRANSFER FACILITY,4304 HWY 202,GARZA EAST
Texas,1344,10002917,GARZA EAST TRANSFER FACILITY,4304 TX-202,GARZA EAST
Texas,1344,10002917,GARZA EAST TRANSFER FACILITY,GARZA EAST UNIT,GARZA EAST
Texas,1345,10002916,GARZA WEST TRANSFER FACILITY,4250 HIGHWAY 202,GARZA WEST UNIT
Texas,1345,10002916,GARZA WEST TRANSFER FACILITY,4250 HWY 202,GARZA WEST UNIT
Texas,1345,10002916,GARZA WEST TRANSFER FACILITY,4250 HWY. 202,GARZA WEST UNIT
Texas,1345,10002916,GARZA WEST TRANSFER FACILITY,4250 TX-202,GARZA WEST UNIT
Texas,1349,10002857,GIST STATE JAIL,2395 FM 3514,GIST STATE JAIL
Texas,1349,10002857,GIST STATE JAIL,3295 FM 3514,GIST STATE JAIL
Texas,1350,10002928,GLOSSBRENNER PRISON-SAFPF,5100 S. FM 1329,GLOSSBRENNER UNIT
Texas,1352,10000213,GOREE PRISON AND TRUSTY CAMP,7405 SH 75 S,GOREE UNIT
Texas,1352,10000213,GOREE PRISON AND TRUSTY CAMP,7405 TX-75,GOREE UNIT
Texas,1352,10000213,GOREE PRISON AND TRUSTY CAMP,7405 HWY 75 S,GOREE UNIT
Texas,1352,10000213,GOREE PRISON AND TRUSTY CAMP,7405 HWY 75 SOUTH,GOREE UNIT
Texas,1352,10000213,GOREE PRISON AND TRUSTY CAMP,7504 HWY 75 S,GOREE UNIT
Texas,1357,10000184,GURNEY TRANSFER FACILITY,1385 FM 3328,GURNEY UNIT
Texas,1357,10000184,GURNEY TRANSFER FACILITY,2664 FM 3328,GURNEY UNIT
Texas,1357,10000184,GURNEY TRANSFER FACILITY,3185 FM 3328,GURNEY UNIT
Texas,1357,10000184,GURNEY TRANSFER FACILITY,GURNEY UNIT,GURNEY UNIT
Texas,1357,10000184,GURNEY TRANSFER FACILITY,GURNEY UNIT 1385 FM 3328,GURNEY UNIT
Texas,1359,10000216,HAMILTON PRISON (PRE-RELEASE FACILITY),200 LEE MORRISON LANE,HAMILTON UNIT
Texas,1362,10002799,HAVINS PRE-RELEASE FACILITY,500 FM 45 EAST,HAVINS UNIT
Texas,1364,10002845,HENLEY STATE JAIL,7581 HWY 321,HENLEY STATE JAIL
Texas,1366,10000224,L.V. HIGHTOWER UNIT,902 FARM TO MARKET ROAD 686,HIGHTOWER UNIT
Texas,1366,10000224,L.V. HIGHTOWER UNIT,902 FM 686,HIGHTOWER UNIT
Texas,1366,10000224,L.V. HIGHTOWER UNIT,902 FM686,HIGHTOWER UNIT
Texas,1367,10002817,HILLTOP UNIT,1500 STATE SCHOOL RD,HILLTOP UNIT
Texas,1367,10002817,HILLTOP UNIT,1500 STATE SCHOOL ROAD,HILLTOP UNIT
Texas,1368,10002827,HOBBY PRISON,741 FM 712,HOBBY UNIT
Texas,1368,10002827,HOBBY PRISON,741 FM 742,HOBBY UNIT
Texas,1368,10002827,HOBBY PRISON,742 FM 712,HOBBY UNIT
Texas,1368,10002827,HOBBY PRISON,HOBBY UNIT,HOBBY UNIT
Texas,1369,10002791,HODGE UNIT,379 FM 3972 W,HODGE UNIT
Texas,1369,10002791,HODGE UNIT,379 FM 2972,HODGE UNIT
Texas,1369,10002791,HODGE UNIT,379 FM 2972 W,HODGE UNIT
Texas,1369,10002791,HODGE UNIT,379 FM 2972 W.,HODGE UNIT
Texas,1369,10002791,HODGE UNIT,379 FM 2972 WEST,HODGE UNIT
Texas,1369,10002791,HODGE UNIT,379 FM 2972W,HODGE UNIT
Texas,1369,10002791,HODGE UNIT,379 FM 2972W.,HODGE UNIT
Texas,1370,10000209,HOLLIDAY TRANSFER FACILITY,295 N FWY SERVICE RD,HOLLIDAY UNIT
Texas,1370,10000209,HOLLIDAY TRANSFER FACILITY,295 I-H 45 N,HOLLIDAY UNIT
Texas,1370,10000209,HOLLIDAY TRANSFER FACILITY,295 I45N,HOLLIDAY UNIT
Texas,1370,10000209,HOLLIDAY TRANSFER FACILITY,295 IH 45,HOLLIDAY UNIT
Texas,1370,10000209,HOLLIDAY TRANSFER FACILITY,295 IH 45 N,HOLLIDAY UNIT
Texas,1370,10000209,HOLLIDAY TRANSFER FACILITY,295 IH 45N,HOLLIDAY UNIT
Texas,1370,10000209,HOLLIDAY TRANSFER FACILITY,295 IH-45,HOLLIDAY UNIT
Texas,1370,10000209,HOLLIDAY TRANSFER FACILITY,295 IH-45 N,HOLLIDAY UNIT
Texas,1370,10000209,HOLLIDAY TRANSFER FACILITY,295 IH-45 NORTH,HOLLIDAY UNIT
Texas,1370,10000209,HOLLIDAY TRANSFER FACILITY,295 IH-45N,HOLLIDAY UNIT
Texas,1370,10000209,HOLLIDAY TRANSFER FACILITY,295 INTERSTATE HIGHWAY 45 NORTH,HOLLIDAY UNIT
Texas,1371,10005130,TX DEPARTMENT OF CRIMINAL JUSTICE - HOSPITAL GALVESTON,809 HARBORSIDE DRVIE,HOSPITAL GALVESTON
Texas,1371,10005130,TX DEPARTMENT OF CRIMINAL JUSTICE - HOSPITAL GALVESTON,710 HARBORSIDE,HOSPITAL GALVESTON
Texas,1371,10005130,TX DEPARTMENT OF CRIMINAL JUSTICE - HOSPITAL GALVESTON,801 HARBORSIDE,HOSPITAL GALVESTON
Texas,1371,10005130,TX DEPARTMENT OF CRIMINAL JUSTICE - HOSPITAL GALVESTON,809 HABORSIDE DRIVE,HOSPITAL GALVESTON
Texas,1371,10005130,TX DEPARTMENT OF CRIMINAL JUSTICE - HOSPITAL GALVESTON,809 HARBORISDE DRIVE,HOSPITAL GALVESTON
Texas,1371,10005130,TX DEPARTMENT OF CRIMINAL JUSTICE - HOSPITAL GALVESTON,809 HARBORSIDE,HOSPITAL GALVESTON
Texas,1371,10005130,TX DEPARTMENT OF CRIMINAL JUSTICE - HOSPITAL GALVESTON,809 HARBORSIDE DR,HOSPITAL GALVESTON
Texas,1371,10005130,TX DEPARTMENT OF CRIMINAL JUSTICE - HOSPITAL GALVESTON,809 HARBORSIDE DR.,HOSPITAL GALVESTON
Texas,1371,10005130,TX DEPARTMENT OF CRIMINAL JUSTICE - HOSPITAL GALVESTON,809 HARBORSIDE DRIVE,HOSPITAL GALVESTON
Texas,1371,10005130,TX DEPARTMENT OF CRIMINAL JUSTICE - HOSPITAL GALVESTON,809 HARBORSIDE DRIVE HOSPITAL GALVESTON,HOSPITAL GALVESTON
Texas,1371,10005130,TX DEPARTMENT OF CRIMINAL JUSTICE - HOSPITAL GALVESTON,"809 HARBORSIDE DRIVE, HOSPITAL GALVESTON",HOSPITAL GALVESTON
Texas,1371,10005130,TX DEPARTMENT OF CRIMINAL JUSTICE - HOSPITAL GALVESTON,809 HARBORSIDE GALVESTON,HOSPITAL GALVESTON
Texas,1371,10005130,TX DEPARTMENT OF CRIMINAL JUSTICE - HOSPITAL GALVESTON,809 HARBOSIDE DRIVE,HOSPITAL GALVESTON
Texas,1371,10005130,TX DEPARTMENT OF CRIMINAL JUSTICE - HOSPITAL GALVESTON,809 HARBROSIDE DRIVE,HOSPITAL GALVESTON
Texas,1371,10005130,TX DEPARTMENT OF CRIMINAL JUSTICE - HOSPITAL GALVESTON,890 HARBORSIDE DRIVE,HOSPITAL GALVESTON
Texas,1371,10005130,TX DEPARTMENT OF CRIMINAL JUSTICE - HOSPITAL GALVESTON,901 HARBORSIDE DRIVE,HOSPITAL GALVESTON
Texas,1373,10000196,HUGHES PRISON,3209 FM 929,HUGHES UNIT
Texas,1373,10000196,HUGHES PRISON,3201 FM 292,HUGHES UNIT
Texas,1373,10000196,HUGHES PRISON,3201 FM 920,HUGHES UNIT
Texas,1373,10000196,HUGHES PRISON,3201 FM 929,HUGHES UNIT
Texas,1373,10000196,HUGHES PRISON,ROUTE 2 BX 4400 (HUGHES UNIT),HUGHES UNIT
Texas,1373,10000196,HUGHES PRISON,RT 2,HUGHES UNIT
Texas,1373,10000196,HUGHES PRISON,RT 2 BOX 4400,HUGHES UNIT
Texas,1373,10000196,HUGHES PRISON,RT 2 BOX 500,HUGHES UNIT
Texas,1373,10000196,HUGHES PRISON,"RT 2, BOX 2250",HUGHES UNIT
Texas,1373,10000196,HUGHES PRISON,"RT 2, BOX 4400",HUGHES UNIT
Texas,1373,10000196,HUGHES PRISON,"RT 2, BOX 500",HUGHES UNIT
Texas,1373,10000196,HUGHES PRISON,RT. 2,HUGHES UNIT
Texas,1373,10000196,HUGHES PRISON,RT. 2 BOX 2250,HUGHES UNIT
Texas,1373,10000196,HUGHES PRISON,RT. 2 BOX 4400,HUGHES UNIT
Texas,1373,10000196,HUGHES PRISON,"RT. 2, BOX 4400",HUGHES UNIT
Texas,1373,10000196,HUGHES PRISON,"RT. 2, BOX 500",HUGHES UNIT
Texas,1374,10000210,HUNTSVILLE PRISON,812 12TH ST,HUNTSVILLE UNIT
Texas,1374,10000210,HUNTSVILLE PRISON,815 12TH ST,HUNTSVILLE UNIT
Texas,1374,10000210,HUNTSVILLE PRISON,815 12TH ST.,HUNTSVILLE UNIT
Texas,1374,10000210,HUNTSVILLE PRISON,815 12TH STREET,HUNTSVILLE UNIT
Texas,1374,10000210,HUNTSVILLE PRISON,815 15TH ST,HUNTSVILLE UNIT
Texas,1374,10000210,HUNTSVILLE PRISON,HUNTSVILLE UNIT,HUNTSVILLE UNIT
Texas,1375,10002755,HUTCHINS STATE JAIL,1500 E LANGDON ROAD,HUTCHINS UNIT
Texas,1375,10002755,HUTCHINS STATE JAIL,1500 E. LANGDON RD,HUTCHINS UNIT
Texas,1375,10002755,HUTCHINS STATE JAIL,1500 E. LANGDOM RD.,HUTCHINS UNIT
Texas,1375,10002755,HUTCHINS STATE JAIL,1500 E. LANGDON ROAD,HUTCHINS UNIT
Texas,1375,10002755,HUTCHINS STATE JAIL,1500 E. LANGFORD ROAD,HUTCHINS UNIT
Texas,1375,10002755,HUTCHINS STATE JAIL,1500 EAST LANGDON RD,HUTCHINS UNIT
Texas,1375,10002755,HUTCHINS STATE JAIL,1500 EAST LANGDON ROAD,HUTCHINS UNIT
Texas,1375,10002755,HUTCHINS STATE JAIL,1500 LANGDON RD,HUTCHINS UNIT
Texas,1378,10002884,JESTER I UNIT,1 JESTER ROAD,JESTER 1
Texas,1378,10002884,JESTER I UNIT,I JESTER ROAD,JESTER 1
Texas,1379,10000234,JESTER III UNIT / TRUSTY CAMP,#3 JESTER RD,JESTER 3 UNIT
Texas,1379,10000234,JESTER III UNIT / TRUSTY CAMP,3 JESTER RD,JESTER 3 UNIT
Texas,1379,10000234,JESTER III UNIT / TRUSTY CAMP,3 JESTER RD.,JESTER 3 UNIT
Texas,1379,10000234,JESTER III UNIT / TRUSTY CAMP,3 JESTER ROAD,JESTER 3 UNIT
Texas,1379,10000234,JESTER III UNIT / TRUSTY CAMP,3 JESTOR RD,JESTER 3 UNIT
Texas,1379,10000234,JESTER III UNIT / TRUSTY CAMP,JESTER 3 UNIT,JESTER 3 UNIT
Texas,1379,10000234,JESTER III UNIT / TRUSTY CAMP,JESTER III,JESTER 3 UNIT
Texas,1380,10002886,JESTER IV (PSYCHIATRIC FACILITY),"4, JESTER ROAD",JESTER 4 UNIT
Texas,1380,10002886,JESTER IV (PSYCHIATRIC FACILITY),# 4 JESTER RD,JESTER 4 UNIT
Texas,1380,10002886,JESTER IV (PSYCHIATRIC FACILITY),#4 JESTER RD,JESTER 4 UNIT
Texas,1380,10002886,JESTER IV (PSYCHIATRIC FACILITY),4 JESTER RD,JESTER 4 UNIT
Texas,1380,10002886,JESTER IV (PSYCHIATRIC FACILITY),4 JESTER ROAD,JESTER 4 UNIT
Texas,1380,10002886,JESTER IV (PSYCHIATRIC FACILITY),4JESTER RD,JESTER 4 UNIT
Texas,1380,10002886,JESTER IV (PSYCHIATRIC FACILITY),JESTER 4 PRISON UNIT,JESTER 4 UNIT
Texas,1380,10002886,JESTER IV (PSYCHIATRIC FACILITY),JESTER 4 UNIT-4 JESTER RD.,JESTER 4 UNIT
Texas,1382,10000161,JOHNSTON SAFPF,703 AIRPORT R.,JOHNSTON UNIT
Texas,1382,10000161,JOHNSTON SAFPF,703 AIRPORT ROAD,JOHNSTON UNIT
Texas,1382,10000161,JOHNSTON SAFPF,JOHNSTON UNIT,JOHNSTON UNIT
Texas,1383,10000152,JORDAN PRISON,1992 HELTON RD.,JORDAN UNIT
Texas,1383,10000152,JORDAN PRISON,1995 HELTON ROAD,JORDAN UNIT
Texas,1383,10000152,JORDAN PRISON,1992 HELTON RD,JORDAN UNIT
Texas,1383,10000152,JORDAN PRISON,1992 HELTON ROAD,JORDAN UNIT
Texas,1383,10000152,JORDAN PRISON,1992 HILTON RD,JORDAN UNIT
Texas,1383,10000152,JORDAN PRISON,1992 HILTON ROAD,JORDAN UNIT
Texas,1383,10000152,JORDAN PRISON,JORDAN UNIT,JORDAN UNIT
Texas,1390,10000228,KYLE CORRECTIONAL CENTER,23001 IH 25,KYLE UNIT
Texas,1390,10000228,KYLE CORRECTIONAL CENTER,230001 IH 35,KYLE UNIT
Texas,1390,10000228,KYLE CORRECTIONAL CENTER,23001 IH 35,KYLE UNIT
Texas,1390,10000228,KYLE CORRECTIONAL CENTER,23001 IH-35,KYLE UNIT
Texas,1392,10002858,LEBLANC PRE-RELEASE FACILITY,3695 FM 2514,LEBLANC UNIT
Texas,1392,10002858,LEBLANC PRE-RELEASE FACILITY,2695 FM 3514,LEBLANC UNIT
Texas,1392,10002858,LEBLANC PRE-RELEASE FACILITY,3695 FM 3514,LEBLANC UNIT
Texas,1394,10000208,LEWIS PRISON,777 FM 397,LEWIS UNIT
Texas,1394,10000208,LEWIS PRISON,777 FM 3479,LEWIS UNIT
Texas,1394,10000208,LEWIS PRISON,777 FM 3497,LEWIS UNIT
Texas,1394,10000208,LEWIS PRISON,777 FM 3597,LEWIS UNIT
Texas,1394,10000208,LEWIS PRISON,FM 3497,LEWIS UNIT
Texas,1394,10000208,LEWIS PRISON,LEWIS UNIT,LEWIS UNIT
Texas,1398,10000157,LINDSEY STATE JAIL,1620 FM 3344,LINDSEY UNIT
Texas,1401,10002941,LOPEZ STATE JAIL,1203 CIBOLO RD,LOPEZ UNIT
Texas,1401,10002941,LOPEZ STATE JAIL,1203 E. CIBOLO RD,LOPEZ UNIT
Texas,1401,10002941,LOPEZ STATE JAIL,1203 EL CIBALO RD.,LOPEZ UNIT
Texas,1401,10002941,LOPEZ STATE JAIL,1203 EL CIBOLO RD,LOPEZ UNIT
Texas,1401,10002941,LOPEZ STATE JAIL,1203 EL CIBOLO ROAD,LOPEZ UNIT
Texas,1403,10000220,LUTHER PRISON AND TRUSTY CAMP,1800 LUTHER DR,LUTHER UNIT
Texas,1403,10000220,LUTHER PRISON AND TRUSTY CAMP,1800 LUTHER DRIVE,LUTHER UNIT
Texas,1404,10002862,LYCHNER STATE JAIL,2350,LYCHNER UNIT
Texas,1404,10002862,LYCHNER STATE JAIL,2350 ATASCOCIA RD,LYCHNER UNIT
Texas,1404,10002862,LYCHNER STATE JAIL,2350 ATASCOCITA RD,LYCHNER UNIT
Texas,1404,10002862,LYCHNER STATE JAIL,2350 ATASCOCITA ROAD,LYCHNER UNIT
Texas,1404,10002862,LYCHNER STATE JAIL,2350 ATASCOSITA RD,LYCHNER UNIT
Texas,1404,10002862,LYCHNER STATE JAIL,2350 ATASCOSITA ROAD,LYCHNER UNIT
Texas,1405,10000203,LYNAUGH PRISON,1098 SOUTH HIGHWAY 2037,LYNAUGH UNIT
Texas,1405,10000203,LYNAUGH PRISON,1098 S HIGHWAY 2037,LYNAUGH UNIT
Texas,1405,10000203,LYNAUGH PRISON,1098 S HWY 2037,LYNAUGH UNIT
Texas,1405,10000203,LYNAUGH PRISON,1098 S. HIGHWAY 2037,LYNAUGH UNIT
Texas,1405,10000203,LYNAUGH PRISON,1098 S. HWY 2037,LYNAUGH UNIT
Texas,1405,10000203,LYNAUGH PRISON,1098 S. HWY. 2037,LYNAUGH UNIT
Texas,1405,10000203,LYNAUGH PRISON,1098 SOUTH HWY 2037,LYNAUGH UNIT
Texas,1405,10000203,LYNAUGH PRISON,1908 S. HIGHWAY 2037,LYNAUGH UNIT
Texas,1406,10002828,MARLIN UNIT,2893 STATE HIGHWAY 6,MARLIN UNIT
Texas,1406,10002828,MARLIN UNIT,2893 HWY 6,MARLIN UNIT
Texas,1410,10000248,MCCONNELL PRISON,3001 S> EMILY DRIVE,MCCONNELL UNIT
Texas,1410,10000248,MCCONNELL PRISON,3001 SOUTH EMILY,MCCONNELL UNIT
Texas,1410,10000248,MCCONNELL PRISON,300 S. EMILY DR.,MCCONNELL UNIT
Texas,1410,10000248,MCCONNELL PRISON,3001 EMILY DR,MCCONNELL UNIT
Texas,1410,10000248,MCCONNELL PRISON,3001 EMILY DRIVE,MCCONNELL UNIT
Texas,1410,10000248,MCCONNELL PRISON,3001 S EMILY DR,MCCONNELL UNIT
Texas,1410,10000248,MCCONNELL PRISON,3001 S EMILY DRIVE,MCCONNELL UNIT
Texas,1410,10000248,MCCONNELL PRISON,3001 S. EMILY,MCCONNELL UNIT
Texas,1410,10000248,MCCONNELL PRISON,3001 S. EMILY DR,MCCONNELL UNIT
Texas,1410,10000248,MCCONNELL PRISON,3001 S. EMILY DR.,MCCONNELL UNIT
Texas,1410,10000248,MCCONNELL PRISON,3001 S. EMILY DRIVE,MCCONNELL UNIT
Texas,1410,10000248,MCCONNELL PRISON,3001 SOUTH EMILY DR,MCCONNELL UNIT
Texas,1410,10000248,MCCONNELL PRISON,3001 SOUTH EMILY DR.,MCCONNELL UNIT
Texas,1410,10000248,MCCONNELL PRISON,3001 SOUTH EMILY DRIVE,MCCONNELL UNIT
Texas,1412,10000186,MICHAEL STATE PRISON,2264 FM 2054,MICHAEL UNIT
Texas,1412,10000186,MICHAEL STATE PRISON,2644 FM 2054,MICHAEL UNIT
Texas,1412,10000186,MICHAEL STATE PRISON,2664 AM 2054,MICHAEL UNIT
Texas,1412,10000186,MICHAEL STATE PRISON,2664 FM 2054,MICHAEL UNIT
Texas,1412,10000186,MICHAEL STATE PRISON,2664 FM 2054 MICHAEL UNIT,MICHAEL UNIT
Texas,1412,10000186,MICHAEL STATE PRISON,2664 FM 2055,MICHAEL UNIT
Texas,1412,10000186,MICHAEL STATE PRISON,2664 FM 2064,MICHAEL UNIT
Texas,1412,10000186,MICHAEL STATE PRISON,2664 FM 2228,MICHAEL UNIT
Texas,1412,10000186,MICHAEL STATE PRISON,2664 FM 254,MICHAEL UNIT
Texas,1412,10000186,MICHAEL STATE PRISON,2664 FM 5025,MICHAEL UNIT
Texas,1412,10000186,MICHAEL STATE PRISON,2665 FM 2054,MICHAEL UNIT
Texas,1412,10000186,MICHAEL STATE PRISON,26664 FM 2054,MICHAEL UNIT
Texas,1412,10000186,MICHAEL STATE PRISON,MICHAEL UNIT,MICHAEL UNIT
Texas,1412,10000186,MICHAEL STATE PRISON,MICHAEL UNIT 2664 FM 2054,MICHAEL UNIT
Texas,1412,10000186,MICHAEL STATE PRISON,"MICHAEL UNIT, 2664 FM 2054",MICHAEL UNIT
Texas,1414,10000176,MIDDLETON TRANSFER FACILITY,13055 FM 3522,MIDDLETON UNIT
Texas,1414,10000176,MIDDLETON TRANSFER FACILITY,MIDDLETON UNIT,MIDDLETON UNIT
Texas,1416,10002729,MONTFORD UNIT - PSYCHIATRIC FACILITY,806 PEACH AVENUE,MONTFORD UNIT
Texas,1416,10002729,MONTFORD UNIT - PSYCHIATRIC FACILITY,8602 PEACH AVEN,MONTFORD UNIT
Texas,1416,10002729,MONTFORD UNIT - PSYCHIATRIC FACILITY,9602 PEACH STREET,MONTFORD UNIT
Texas,1416,10002729,MONTFORD UNIT - PSYCHIATRIC FACILITY,8602 PEACH,MONTFORD UNIT
Texas,1416,10002729,MONTFORD UNIT - PSYCHIATRIC FACILITY,8602 PEACH AVE,MONTFORD UNIT
Texas,1416,10002729,MONTFORD UNIT - PSYCHIATRIC FACILITY,8602 PEACH AVE.,MONTFORD UNIT
Texas,1416,10002729,MONTFORD UNIT - PSYCHIATRIC FACILITY,8602 PEACH AVENUE,MONTFORD UNIT
Texas,1416,10002729,MONTFORD UNIT - PSYCHIATRIC FACILITY,8602 PEACH ST,MONTFORD UNIT
Texas,1416,10002729,MONTFORD UNIT - PSYCHIATRIC FACILITY,8602 PEACH ST.,MONTFORD UNIT
Texas,1416,10002729,MONTFORD UNIT - PSYCHIATRIC FACILITY,8602 PEACH STREET,MONTFORD UNIT
Texas,1416,10002729,MONTFORD UNIT - PSYCHIATRIC FACILITY,8602 PEACH TREE,MONTFORD UNIT
Texas,1416,10002729,MONTFORD UNIT - PSYCHIATRIC FACILITY,86802 PEACH STREET,MONTFORD UNIT
Texas,1416,10002729,MONTFORD UNIT - PSYCHIATRIC FACILITY,9602 PEACH ST,MONTFORD UNIT
Texas,1416,10002729,MONTFORD UNIT - PSYCHIATRIC FACILITY,MONTFORD UNIT,MONTFORD UNIT
Texas,1418,10000183,BILLY MOORE CORRECTIONAL CENTER,8500 FM 3053,MOORE B UNIT
Texas,1418,10000183,BILLY MOORE CORRECTIONAL CENTER,8500 FM 3053 N,MOORE B UNIT
Texas,1418,10000183,BILLY MOORE CORRECTIONAL CENTER,8500 N. FM 3053,MOORE B UNIT
Texas,1419,10002725,CHOICE MOORE TRANSFER FACILITY,1700 FM 87,MOORE C UNIT
Texas,1419,10002725,CHOICE MOORE TRANSFER FACILITY,1700 N FM 87,MOORE C UNIT
Texas,1419,10002725,CHOICE MOORE TRANSFER FACILITY,1700 N. FM 87,MOORE C UNIT
Texas,1420,10000194,MOUNTAIN VIEW PRISON,2305 RANSOM ROAD,MOUNTAIN VIEW UNIT
Texas,1420,10000194,MOUNTAIN VIEW PRISON,2503 RANSOM RD,MOUNTAIN VIEW UNIT
Texas,1421,10001274,MURRAY PRISON,1916 HIGHWAY 36 BYPASS,MURRAY UNIT
Texas,1421,10001274,MURRAY PRISON,1916 HWY 36 BY-PASS,MURRAY UNIT
Texas,1421,10001274,MURRAY PRISON,1916 HWY 36 BYPASS,MURRAY UNIT
Texas,1421,10001274,MURRAY PRISON,1916 HWY BYPASS 36,MURRAY UNIT
Texas,1421,10001274,MURRAY PRISON,1916 N HWY 36 BYPASS,MURRAY UNIT
Texas,1421,10001274,MURRAY PRISON,1916 N. HWY 36 BYPASS,MURRAY UNIT
Texas,1421,10001274,MURRAY PRISON,1916 N. HWY. 36 BYPASS,MURRAY UNIT
Texas,1421,10001274,MURRAY PRISON,1916 NORTH HIGHWAY 36 BYPASS,MURRAY UNIT
Texas,1421,10001274,MURRAY PRISON,1916 NORTH HWY 36 BYPASS,MURRAY UNIT
Texas,1421,10001274,MURRAY PRISON,1916 NORTH HWY. 36 BYPASS,MURRAY UNIT
Texas,1423,10001967,NEAL PRISON,90055 SPUR 591,NEAL UNIT
Texas,1423,10001967,NEAL PRISON,9055 SPUR 591,NEAL UNIT
Texas,1423,10001967,NEAL PRISON,9055 SPUR 951,NEAL UNIT
Texas,1423,10001967,NEAL PRISON,NEAL UNIT,NEAL UNIT
Texas,1424,10000238,NEY STATE JAIL,"114 PRIVATE RD, 4303",NEY UNIT
Texas,1424,10000238,NEY STATE JAIL,114 PRIVATE ROAD,NEY UNIT
Texas,1424,10000238,NEY STATE JAIL,114 PRIVATE RD 4303,NEY UNIT
Texas,1424,10000238,NEY STATE JAIL,114 PRIVATE ROAD 4303,NEY UNIT
Texas,1428,10002838,PACK PRISON AND TRUSTY CAMP,2400 PACK WALLACE RD,PACK UNIT
Texas,1428,10002838,PACK PRISON AND TRUSTY CAMP,2400 PACK WALLACE ROAD,PACK UNIT
Texas,1428,10002838,PACK PRISON AND TRUSTY CAMP,2400 WALALCE PACK RD,PACK UNIT
Texas,1428,10002838,PACK PRISON AND TRUSTY CAMP,2400 WALALCE PACK ROAD,PACK UNIT
Texas,1428,10002838,PACK PRISON AND TRUSTY CAMP,2400 WALLACE PACK,PACK UNIT
Texas,1428,10002838,PACK PRISON AND TRUSTY CAMP,2400 WALLACE PACK RD,PACK UNIT
Texas,1428,10002838,PACK PRISON AND TRUSTY CAMP,2400 WALLACE PACK ROAD,PACK UNIT
Texas,1428,10002838,PACK PRISON AND TRUSTY CAMP,PACK UNIT INFIRMARY,PACK UNIT
Texas,1431,10002844,PLANE STATE JAIL,904 F.M. 686,PLANE UNIT
Texas,1431,10002844,PLANE STATE JAIL,904 FM 685,PLANE UNIT
Texas,1431,10002844,PLANE STATE JAIL,904 FM 686,PLANE UNIT
Texas,1431,10002844,PLANE STATE JAIL,PLANE STATE JAIL,PLANE UNIT
Texas,1432,10000205,POLUNSKY PRISON,3872 350 SOUTH,POLUNSKY UNIT
Texas,1432,10000205,POLUNSKY PRISON,3872 FARM TO MARKET ROAD 350 SOUTH,POLUNSKY UNIT
Texas,1432,10000205,POLUNSKY PRISON,3872 FM 350,POLUNSKY UNIT
Texas,1432,10000205,POLUNSKY PRISON,3872 FM 350 S,POLUNSKY UNIT
Texas,1432,10000205,POLUNSKY PRISON,3872 FM 350 S.,POLUNSKY UNIT
Texas,1432,10000205,POLUNSKY PRISON,3872 FM 350 SOUTH,POLUNSKY UNIT
Texas,1432,10000205,POLUNSKY PRISON,3872 FM 350S,POLUNSKY UNIT
Texas,1434,10000185,POWLEDGE PRISON,1400 FM 3452,POWLEDGE UNIT
Texas,1434,10000185,POWLEDGE PRISON,1400 FM RD 3452,POWLEDGE UNIT
Texas,1434,10000185,POWLEDGE PRISON,1400 FM3452,POWLEDGE UNIT
Texas,1435,10000242,RAMSEY PRISON,1100 FM 655,RAMSEY UNIT
Texas,1435,10000242,RAMSEY PRISON,1100 FM 665,RAMSEY UNIT
Texas,1435,10000242,RAMSEY PRISON,1110 FM 655,RAMSEY UNIT
Texas,1436,10000156,ROACH UNIT,15845 FM 164,ROACH UNIT
Texas,1437,10000175,ROBERTSON PRISON,120714 FM 3522,ROBERTSON UNIT
Texas,1437,10000175,ROBERTSON PRISON,12017 FM 3522,ROBERTSON UNIT
Texas,1437,10000175,ROBERTSON PRISON,12071 FM 2522,ROBERTSON UNIT
Texas,1437,10000175,ROBERTSON PRISON,12071 FM 3522,ROBERTSON UNIT
Texas,1437,10000175,ROBERTSON PRISON,NEAR FM 3522 AND CR 301,ROBERTSON UNIT
Texas,1437,10000175,ROBERTSON PRISON,"ROBERTSON UNIT, 12071 FM 3522",ROBERTSON UNIT
Texas,1443,10002802,SANCHEZ STATE JAIL,3901 STATE JAIL ROAD,SANCHEZ UNIT
Texas,1444,10002759,SAYLE SAFPF,4176 FM 1800,SAYLE UNIT
Texas,1445,10000245,SCOTT PRISON,6999 RETREIVE RD,SCOTT UNIT
Texas,1445,10000245,SCOTT PRISON,6999 RETRIEVE,SCOTT UNIT
Texas,1445,10000245,SCOTT PRISON,6999 RETRIEVE CR 290,SCOTT UNIT
Texas,1445,10000245,SCOTT PRISON,6999 RETRIEVE RD,SCOTT UNIT
Texas,1445,10000245,SCOTT PRISON,6999 RETRIEVE ROAD,SCOTT UNIT
Texas,1447,10002940,SEGOVIA PRE-RELEASE FACILITY,1203 E EL CIBOLO RD,SEGOVIA UNIT
Texas,1447,10002940,SEGOVIA PRE-RELEASE FACILITY,1201 E. EL CIBOLO RD,SEGOVIA UNIT
Texas,1447,10002940,SEGOVIA PRE-RELEASE FACILITY,1201 E. EL CIBOLO ROAD,SEGOVIA UNIT
Texas,1447,10002940,SEGOVIA PRE-RELEASE FACILITY,1201 EAST EL CIBOLO ROAD,SEGOVIA UNIT
Texas,1448,10002792,SKYVIEW PSYCHIATRIC FACILITY,FM 2972 SKYVIEW UNIT,SKYVIEW UNIT
Texas,1448,10002792,SKYVIEW PSYCHIATRIC FACILITY,"FM 2972 WEST, SKYVIEW UNIT",SKYVIEW UNIT
Texas,1448,10002792,SKYVIEW PSYCHIATRIC FACILITY,SKYVIEW UNIT,SKYVIEW UNIT
Texas,1450,10002758,SMITH PRISON,1313 COUNTRY ROAD 19,SMITH UNIT
Texas,1450,10002758,SMITH PRISON,1313 COUNTY RD 19,SMITH UNIT
Texas,1450,10002758,SMITH PRISON,1313 COUNTY RD. 19,SMITH UNIT
Texas,1450,10002758,SMITH PRISON,1313 COUNTY ROAD 19,SMITH UNIT
Texas,1450,10002758,SMITH PRISON,"1313 COUNTY ROAD, SMITH UNIT",SMITH UNIT
Texas,1455,10002900,STEVENSON PRISON,1525 FM 1766,STEVENSON UNIT
Texas,1455,10002900,STEVENSON PRISON,1525 FM 766,STEVENSON UNIT
Texas,1455,10002900,STEVENSON PRISON,"STEVENSON UNIT, 1525 FM 766",STEVENSON UNIT
Texas,1456,10000229,STILES UNIT,3050 FM 3514,STILES UNIT
Texas,1456,10000229,STILES UNIT,3080 FM 3514,STILES UNIT
Texas,1456,10000229,STILES UNIT,3060 FARM TO MARKET ROAD 3514,STILES UNIT
Texas,1456,10000229,STILES UNIT,3060 FM 3415,STILES UNIT
Texas,1456,10000229,STILES UNIT,3060 FM 3514,STILES UNIT
Texas,1456,10000229,STILES UNIT,3060 FM 3515,STILES UNIT
Texas,1456,10000229,STILES UNIT,3060 FM RD 3514,STILES UNIT
Texas,1456,10000229,STILES UNIT,3069 FM 3515,STILES UNIT
Texas,1456,10000229,STILES UNIT,3514 FM 3060,STILES UNIT
Texas,1456,10000229,STILES UNIT,STILES UNIT,STILES UNIT
Texas,1457,10000244,STRINGFELLOW PRISON,1200 FM 655,STRINGFELLOW UNIT
Texas,1460,10002731,TELFORD PRISON,3890 STATE HWY 90,TELFORD UNIT
Texas,1460,10002731,TELFORD PRISON,3899 HIGHWAY 98 SOUTH,TELFORD UNIT
Texas,1460,10002731,TELFORD PRISON,3899 HIGHWAY 98S,TELFORD UNIT
Texas,1460,10002731,TELFORD PRISON,3899 HWY 98,TELFORD UNIT
Texas,1460,10002731,TELFORD PRISON,3899 HWY 98S,TELFORD UNIT
Texas,1460,10002731,TELFORD PRISON,3899 STATE HIGHWAY 98,TELFORD UNIT
Texas,1460,10002731,TELFORD PRISON,3899 STATE HIGHWAY 98 SOUTH,TELFORD UNIT
Texas,1460,10002731,TELFORD PRISON,3899 STATE HWY 98,TELFORD UNIT
Texas,1460,10002731,TELFORD PRISON,3899 STATE HWY. 09,TELFORD UNIT
Texas,1460,10002731,TELFORD PRISON,3899 STATE HWY. 98,TELFORD UNIT
Texas,1460,10002731,TELFORD PRISON,3899 STATE HWY. 98 SOUTH,TELFORD UNIT
Texas,1460,10002731,TELFORD PRISON,TELFORD UNIT,TELFORD UNIT
Texas,1461,10000241,C T TERRELL PRISON,1300 FM 355,TERRELL UNIT
Texas,1461,10000241,C T TERRELL PRISON,1300 FM 655,TERRELL UNIT
Texas,1461,10000241,C T TERRELL PRISON,1300 FM 655 ROSHARON,TERRELL UNIT
Texas,1467,10000237,TORRES PRISON,125 PRIVATE ROAD 4303,TORRES UNIT
Texas,1467,10000237,TORRES PRISON,125 PRIVATE RD # 4303,TORRES UNIT
Texas,1467,10000237,TORRES PRISON,125 PRIVATE ROAD,TORRES UNIT
Texas,1467,10000237,TORRES PRISON,125 PRIVATE ROAD #4303,TORRES UNIT
Texas,1477,10000180,WALLACE UNIT,1675 FM 3525,WALLACE UNIT
Texas,1477,10000180,WALLACE UNIT,1675 S. FM 3525,WALLACE UNIT
Texas,1477,10000180,WALLACE UNIT,1675 SOUTH 3525,WALLACE UNIT
Texas,1477,10000180,WALLACE UNIT,1675 SOUTH FM 3525,WALLACE UNIT
Texas,1485,10000252,WILLACY COUNTY STATE JAIL,1695 BUFFALO DR,WILLACY STATE JAIL
Texas,1485,10000252,WILLACY COUNTY STATE JAIL,1695 BUFFALO DR.,WILLACY STATE JAIL
Texas,1485,10000252,WILLACY COUNTY STATE JAIL,1695 S. BUFFALO DR.,WILLACY STATE JAIL
Texas,1485,10000252,WILLACY COUNTY STATE JAIL,1695 SOUTH BUFFALO DRIVE,WILLACY STATE JAIL
Texas,1485,10000252,WILLACY COUNTY STATE JAIL,1695 SOUTH BUFFOLO DR.,WILLACY STATE JAIL
Texas,1487,10000195,WOODMAN STATE JAIL,1012 CORYELL CITY RD,WOODMAN UNIT
Texas,1487,10000195,WOODMAN STATE JAIL,1210 CORYELL CITY RD,WOODMAN UNIT
Texas,1487,10000195,WOODMAN STATE JAIL,1210 CORYELL CITY ROAD,WOODMAN UNIT
Texas,1488,10000211,WYNNE PRISON,810 FARM TO MARKET ROAD 2821,WYNNE UNIT
Texas,1488,10000211,WYNNE PRISON,810 FM 2821,WYNNE UNIT
Texas,1488,10000211,WYNNE PRISON,WYNNE UNIT,WYNNE UNIT
Texas,1488,10000211,WYNNE PRISON,WYNNE UNIT TRUSTY CAMP,WYNNE UNIT
West Virginia,1627,10006673,CHARLESTON CORRECTIONAL CENTER,CCC,CHARLESTON CORRECTIONAL CENTER
West Virginia,1629,10000028,DENMAR CORRECTIONAL CENTER,DCC,DENMAR CORRECTIONAL CENTER
West Virginia,1634,10001875,HUTTONSVILLE CORRECTIONAL CENTER,HCC,HUTTONSVILLE CORRECTIONAL CENTER
West Virginia,1636,10000025,LAKIN CORRECTIONAL CENTER,LCC,LAKIN CORRECTIONAL CENTER
West Virginia,1639,10000052,MCDOWELL COUNTY CORRECTIONS - WELCH FACILITY,MCDO,MCDOWELL COUNTY CORRECTIONAL CENTER
West Virginia,1642,10001879,MT. OLIVE CORRECTIONAL COMPLEX,MOCC,MOUNT OLIVE CORRECTIONAL CENTER
West Virginia,1644,10001874,NORTHERN REGIONAL JAIL / CORRECTIONAL FACILITY,NCC,NORTHERN CORRECTIONAL FACILITY
West Virginia,1646,10006191,PARKERSBURG CORRECTIONAL CENTER,PBCC,PARKERSBURG CORRECTIONAL CENTER
West Virginia,1648,10000014,PRUNTYTOWN CORRECTIONAL CENTER,PCC,PRUNTYTOWN CORRECTIONAL CENTER
West Virginia,1651,10000013,ST MARY'S CORRECTIONAL CENTER,SMCC,SAINT MARYS CORRECTIONAL CENTER
West Virginia,1652,10006146,SALEM CORRECTIONAL CENTER,SCC,SALEM CORRECTIONAL CENTER
Maine,1737,10001166,LONG CREEK YOUTH DEVELOPMENT CENTER,LCYC,LONG CREEK YOUTH DEVELOPMENT CENTER
Nevada,1750,10002988,HUMBOLDT CONSERVATION CAMP,HCC,HUMBOLDT CONSERVATION CAMP
Nevada,2077,10003006,THREE LAKES VALLEY CONSERVATION & BOOT CAMP,TLVCC,THREE LAKES VALLEY CONSERVATION CAMP
Texas,2114,10002757,DAWSON COUNTY JAIL,DAWSON STATE JAIL,DAWSON COUNTY JAIL
Texas,2146,10002834,WALKER COUNTY JAIL,750 FM 2821,WALKER COUNTY JAIL
Texas,2146,10002834,WALKER COUNTY JAIL,810 FM 2821 W,WALKER COUNTY JAIL
Nevada,2162,10003014,CASA GRANDE TRANSITIONAL HOUSING,CGTH,CASA GRANDE TRANSITIONAL HOUSING
Nevada,2164,10002997,STEWART CONSERVATION CAMP,SCC,STEWART CONSERVATION CAMP
Colorado,2173,10002221,CHEYENNE MOUNTAIN RE-ENTRY CENTER,CHEYENNE MOUNTAIN RE-ENTRY CENTER,CHEYENNE MOUNTAIN REENTRY CENTER
Maryland,2182,10001543,NORTH BRANCH CORRECTIONAL INSTITUTION,NBCI,NORTH BRANCH CORRECTIONAL INSTITUTION
Maryland,2185,10001560,MARYLAND CORRECTIONAL INSTITUTION - JESSUP,MCIJ,MARYLAND CORRECTIONAL INSTITUTION - JESSUP
Idaho,2732,10003973,SAGUARO CORRECTIONAL CENTER,"SAGUARO CORRECTIONAL CENTER, ARIZONA (CONTRACT WITH IDOC)",SAGUARO CORRECTIONAL CENTER ELOY ARIZONA
Kansas,2800,10001031,LANSING CORRECTIONAL FACILITY - CENTRAL UNIT,LANSING CORRECTIONAL FACILITY,NA
Kansas,2800,10001031,LANSING CORRECTIONAL FACILITY - CENTRAL UNIT,LANSING CORRECTIONAL FACILITY (LCF),NA
Kansas,2800,10001031,LANSING CORRECTIONAL FACILITY - CENTRAL UNIT,"LANSING CORRECTIONAL FACILITY, LANSING",NA
Kansas,2800,10001031,LANSING CORRECTIONAL FACILITY - CENTRAL UNIT,"LANSING CORRECTIONAL FACILITYLANSING, KANSAS",NA
Kansas,2800,10001031,LANSING CORRECTIONAL FACILITY - CENTRAL UNIT,LANSING CORRECTONAL FACILITY,NA
West Virginia,2801,10006674,HUTTONSVILLE WORK CAMP,HWC,NA
West Virginia,2801,10006674,HUTTONSVILLE WORK CAMP,HWR,NA
Texas,2802,10002843,TRAVIS COUNTY UNIT,8101 FM 969,NA
